-- --------------------------------------------------------
-- Hôte :                        127.0.0.1
-- Version du serveur:           5.7.19 - MySQL Community Server (GPL)
-- SE du serveur:                Win64
-- HeidiSQL Version:             9.5.0.5196
-- --------------------------------------------------------

/*!40101 SET @OLD_CHARACTER_SET_CLIENT=@@CHARACTER_SET_CLIENT */;
/*!40101 SET NAMES utf8 */;
/*!50503 SET NAMES utf8mb4 */;
/*!40014 SET @OLD_FOREIGN_KEY_CHECKS=@@FOREIGN_KEY_CHECKS, FOREIGN_KEY_CHECKS=0 */;
/*!40101 SET @OLD_SQL_MODE=@@SQL_MODE, SQL_MODE='NO_AUTO_VALUE_ON_ZERO' */;

-- Export de la structure de la table brasserie_prono. admin_config
DROP TABLE IF EXISTS `admin_config`;
CREATE TABLE IF NOT EXISTS `admin_config` (
  `id` int(11) NOT NULL AUTO_INCREMENT,
  `label` varchar(200) NOT NULL,
  `valeur` varchar(200) NOT NULL,
  PRIMARY KEY (`id`)
) ENGINE=MyISAM AUTO_INCREMENT=4 DEFAULT CHARSET=latin1;

-- Export de données de la table brasserie_prono.admin_config : 2 rows
DELETE FROM `admin_config`;
/*!40000 ALTER TABLE `admin_config` DISABLE KEYS */;
INSERT INTO `admin_config` (`id`, `label`, `valeur`) VALUES
	(3, 'pt_prono_issue', '5'),
	(2, 'pt_prono_score', '80');
/*!40000 ALTER TABLE `admin_config` ENABLE KEYS */;

-- Export de la structure de la table brasserie_prono. ci_sessions
DROP TABLE IF EXISTS `ci_sessions`;
CREATE TABLE IF NOT EXISTS `ci_sessions` (
  `id` varchar(40) NOT NULL,
  `ip_address` varchar(45) NOT NULL,
  `timestamp` int(10) unsigned NOT NULL DEFAULT '0',
  `data` blob NOT NULL,
  PRIMARY KEY (`id`),
  KEY `ci_sessions_timestamp` (`timestamp`)
) ENGINE=InnoDB DEFAULT CHARSET=latin1;

-- Export de données de la table brasserie_prono.ci_sessions : ~6 rows (environ)
DELETE FROM `ci_sessions`;
/*!40000 ALTER TABLE `ci_sessions` DISABLE KEYS */;
INSERT INTO `ci_sessions` (`id`, `ip_address`, `timestamp`, `data`) VALUES
	('33bdfb547932fd765d2c587cce5722a5ea824789', '::1', 1534037297, _binary 0x5F5F63695F6C6173745F726567656E65726174657C693A313533343033373030333B6C6F676765645F696E7C613A323A7B733A323A226964223B733A343A2239313536223B733A383A22757365726E616D65223B733A353A2261646D696E223B7D),
	('91ccb8103e4f9d6e6767b459dbf5d8c9493d5b1b', '::1', 1534035641, _binary 0x5F5F63695F6C6173745F726567656E65726174657C693A313533343033353632363B6C6F676765645F696E7C613A323A7B733A323A226964223B733A343A2239313536223B733A383A22757365726E616D65223B733A353A2261646D696E223B7D),
	('d012379660a58f838d427bdd3446de153e8879c2', '::1', 1534037999, _binary 0x5F5F63695F6C6173745F726567656E65726174657C693A313533343033373731353B6C6F676765645F696E7C613A323A7B733A323A226964223B733A343A2239313536223B733A383A22757365726E616D65223B733A353A2261646D696E223B7D),
	('dc90de61466067a727937debf80b91a5870a9dfe', '::1', 1534036830, _binary 0x5F5F63695F6C6173745F726567656E65726174657C693A313533343033363539373B6C6F676765645F696E7C613A323A7B733A323A226964223B733A343A2239313536223B733A383A22757365726E616D65223B733A353A2261646D696E223B7D),
	('eb62f4ff2c2797256933b1d4160228b6d6484111', '41.244.226.200', 1534034595, _binary 0x5F5F63695F6C6173745F726567656E65726174657C693A313533343033343438313B6C6F676765645F696E7C613A323A7B733A323A226964223B733A343A2239313536223B733A383A22757365726E616D65223B733A353A2261646D696E223B7D),
	('f0725115de983ed19a10b5f73a24f94c1bc61d18', '::1', 1534037536, _binary 0x5F5F63695F6C6173745F726567656E65726174657C693A313533343033373339353B6C6F676765645F696E7C613A323A7B733A323A226964223B733A343A2239313536223B733A383A22757365726E616D65223B733A353A2261646D696E223B7D);
/*!40000 ALTER TABLE `ci_sessions` ENABLE KEYS */;

-- Export de la structure de la table brasserie_prono. competitions
DROP TABLE IF EXISTS `competitions`;
CREATE TABLE IF NOT EXISTS `competitions` (
  `id` int(11) NOT NULL AUTO_INCREMENT,
  `nom` varchar(200) COLLATE utf8_unicode_ci NOT NULL,
  `status` int(11) NOT NULL DEFAULT '0',
  PRIMARY KEY (`id`)
) ENGINE=MyISAM AUTO_INCREMENT=3 DEFAULT CHARSET=utf8 COLLATE=utf8_unicode_ci;

-- Export de données de la table brasserie_prono.competitions : 2 rows
DELETE FROM `competitions`;
/*!40000 ALTER TABLE `competitions` DISABLE KEYS */;
INSERT INTO `competitions` (`id`, `nom`, `status`) VALUES
	(1, 'Coupe du monde 2018', 0),
	(2, 'Supercoupe d\'Espagne', 1);
/*!40000 ALTER TABLE `competitions` ENABLE KEYS */;

-- Export de la structure de la table brasserie_prono. equipes
DROP TABLE IF EXISTS `equipes`;
CREATE TABLE IF NOT EXISTS `equipes` (
  `id` int(11) NOT NULL AUTO_INCREMENT,
  `name` varchar(60) NOT NULL,
  `flag` varchar(200) DEFAULT NULL,
  `id_competition` int(11) NOT NULL,
  PRIMARY KEY (`id`)
) ENGINE=InnoDB AUTO_INCREMENT=35 DEFAULT CHARSET=latin1 COMMENT='Noms et drapeaux des équipes';

-- Export de données de la table brasserie_prono.equipes : ~34 rows (environ)
DELETE FROM `equipes`;
/*!40000 ALTER TABLE `equipes` DISABLE KEYS */;
INSERT INTO `equipes` (`id`, `name`, `flag`, `id_competition`) VALUES
	(1, 'Egypte', 'https://img.fifa.com/images/flags/3/egy.png', 1),
	(2, 'Maroc', 'https://img.fifa.com/images/flags/3/mar.png', 1),
	(3, 'Nigeria', 'http://img.fifa.com/images/flags/3/nga.png', 1),
	(4, 'Sénégal', 'http://img.fifa.com/images/flags/3/sen.png', 1),
	(5, 'Tunisie', 'http://img.fifa.com/images/flags/3/tun.png', 1),
	(6, 'Arabie Saoudite', 'http://img.fifa.com/images/flags/3/ksa.png', 1),
	(7, 'Australie', 'http://img.fifa.com/images/flags/3/aus.png', 1),
	(8, 'Japon', 'http://img.fifa.com/images/flags/3/jpn.png', 1),
	(9, 'République de Corée', 'http://img.fifa.com/images/flags/3/kor.png', 1),
	(10, 'RI Iran', 'http://img.fifa.com/images/flags/3/irn.png', 1),
	(11, 'Allemagne', 'http://img.fifa.com/images/flags/3/ger.png', 1),
	(12, 'Angleterre', 'http://img.fifa.com/images/flags/3/eng.png', 1),
	(13, 'Belgique', 'http://img.fifa.com/images/flags/3/bel.png', 1),
	(14, 'Croatie', 'http://img.fifa.com/images/flags/3/cro.png', 1),
	(15, 'Danemark', 'https://img.fifa.com/images/flags/3/den.png', 1),
	(16, 'Espagne', 'http://img.fifa.com/images/flags/3/esp.png', 1),
	(17, 'France', 'http://img.fifa.com/images/flags/3/fra.png', 1),
	(18, 'Islande', 'http://img.fifa.com/images/flags/3/isl.png', 1),
	(19, 'Pologne', 'http://img.fifa.com/images/flags/3/pol.png', 1),
	(20, 'Portugal', 'http://img.fifa.com/images/flags/3/por.png', 1),
	(21, 'Russie', 'https://prono-foot-33export.herokuapp.com/img/flags/rus.png', 1),
	(22, 'Serbie', 'http://img.fifa.com/images/flags/3/srb.png', 1),
	(23, 'Suède', 'http://img.fifa.com/images/flags/3/swe.png', 1),
	(24, 'Suisse', 'http://img.fifa.com/images/flags/3/sui.png', 1),
	(25, 'Costa Rica', 'http://img.fifa.com/images/flags/3/crc.png', 1),
	(26, 'Mexique', 'http://img.fifa.com/images/flags/3/mex.png', 1),
	(27, 'Panama', 'http://img.fifa.com/images/flags/3/pan.png', 1),
	(28, 'Argentine', 'http://img.fifa.com/images/flags/3/arg.png', 1),
	(29, 'Brésil', 'http://img.fifa.com/images/flags/3/bra.png', 1),
	(30, 'Colombie', 'http://img.fifa.com/images/flags/3/col.png', 1),
	(31, 'Pérou', 'http://img.fifa.com/images/flags/3/per.png', 1),
	(32, 'Uruguay', 'http://img.fifa.com/images/flags/3/uru.png', 1),
	(33, 'FC Séville', 'https://ssl.gstatic.com/onebox/media/sports/logos/hCTs5EX3WjCMC5Jl3QE4Rw_96x96.png', 2),
	(34, 'FC Barcelone', 'https://ssl.gstatic.com/onebox/media/sports/logos/paYnEE8hcrP96neHRNofhQ_96x96.png', 2);
/*!40000 ALTER TABLE `equipes` ENABLE KEYS */;

-- Export de la structure de la table brasserie_prono. notifications_fb
DROP TABLE IF EXISTS `notifications_fb`;
CREATE TABLE IF NOT EXISTS `notifications_fb` (
  `id` int(11) NOT NULL AUTO_INCREMENT,
  `id_fb` varchar(25) COLLATE utf8_unicode_ci NOT NULL,
  `msg` varchar(120) COLLATE utf8_unicode_ci NOT NULL,
  `status` tinyint(4) NOT NULL DEFAULT '0',
  PRIMARY KEY (`id`)
) ENGINE=MyISAM AUTO_INCREMENT=230 DEFAULT CHARSET=utf8 COLLATE=utf8_unicode_ci;

-- Export de données de la table brasserie_prono.notifications_fb : 63 rows
DELETE FROM `notifications_fb`;
/*!40000 ALTER TABLE `notifications_fb` DISABLE KEYS */;
INSERT INTO `notifications_fb` (`id`, `id_fb`, `msg`, `status`) VALUES
	(229, '658750527805624', 'Votre pronostique était bon! Bravo!!!', 0),
	(228, '263301607745844', 'Votre pronostique était bon! Bravo!!!', 0),
	(227, '1674405172643719', 'Votre pronostique était bon! Bravo!!!', 0),
	(226, '961189604052337', 'Votre pronostique était bon! Bravo!!!', 0),
	(225, '234310080689324', 'Votre pronostique était bon! Bravo!!!', 0),
	(224, '898748416977410', 'Votre pronostique était bon! Bravo!!!', 0),
	(223, '2049813751939577', 'Votre pronostique était bon! Bravo!!!', 0),
	(222, '1842851042678428', 'Votre pronostique était bon! Bravo!!!', 0),
	(221, '386280218545772', 'Votre pronostique était bon! Bravo!!!', 0),
	(220, '600766676946360', 'Votre pronostique était bon! Bravo!!!', 0),
	(219, '814712162253664', 'Votre pronostique était bon! Bravo!!!', 0),
	(218, '1963742270603862', 'Votre pronostique était bon! Bravo!!!', 0),
	(217, '237905573650753', 'Votre pronostique était bon! Bravo!!!', 0),
	(216, '238327813609687', 'Votre pronostique était bon! Bravo!!!', 0),
	(215, '961189604052337', 'Votre pronostique était bon! Bravo!!!', 0),
	(214, '1832268740173507', 'Votre pronostique était bon! Bravo!!!', 0),
	(213, '658750527805624', 'Votre pronostique était bon! Bravo!!!', 0),
	(212, '258400014908579', 'Votre pronostique était bon! Bravo!!!', 0),
	(211, '263301607745844', 'Votre pronostique était bon! Bravo!!!', 0),
	(210, '1902002736511312', 'Votre pronostique était bon! Bravo!!!', 0),
	(209, '1873739826024201', 'Votre pronostique était bon! Bravo!!!', 0),
	(208, '225882961533366', 'Votre pronostique était bon! Bravo!!!', 0),
	(207, '1842851042678428', 'Votre pronostique était bon! Bravo!!!', 0),
	(206, '386280218545772', 'Votre pronostique était bon! Bravo!!!', 0),
	(205, '1715212321942294', 'Votre pronostique était bon! Bravo!!!', 0),
	(204, '600766676946360', 'Votre pronostique était bon! Bravo!!!', 0),
	(203, '2548281742064087', 'Votre pronostique était bon! Bravo!!!', 0),
	(202, '1963742270603862', 'Votre pronostique était bon! Bravo!!!', 0),
	(201, '635624900146423', 'Votre pronostique était bon! Bravo!!!', 0),
	(200, '239649370159332', 'Votre pronostique était bon! Bravo!!!', 0),
	(199, '237448423710684', 'Votre pronostique était bon! Bravo!!!', 0),
	(198, '150671705802309', 'Votre pronostique était bon! Bravo!!!', 0),
	(197, '258400014908579', 'Votre pronostique était bon! Bravo!!!', 0),
	(196, '1715212321942294', 'Votre pronostique était bon! Bravo!!!', 0),
	(195, '1020686371445294', 'Votre pronostique était bon! Bravo!!!', 0),
	(194, '995214187320599', 'Votre pronostique était bon! Bravo!!!', 0),
	(193, '1758454207570812', 'Votre pronostique était bon! Bravo!!!', 0),
	(192, '658750527805624', 'Votre pronostique était bon! Bravo!!!', 0),
	(191, '417656268739887', 'Votre pronostique était bon! Bravo!!!', 0),
	(190, '1020686371445294', 'Votre pronostique était bon! Bravo!!!', 0),
	(189, '961189604052337', 'Votre pronostique était bon! Bravo!!!', 0),
	(188, '231196024334256', 'Votre pronostique était bon! Bravo!!!', 0),
	(187, '417656268739887', 'Votre pronostique était bon! Bravo!!!', 0),
	(186, '898748416977410', 'Votre pronostique était bon! Bravo!!!', 0),
	(185, '1842851042678428', 'Votre pronostique était bon! Bravo!!!', 0),
	(184, '386280218545772', 'Votre pronostique était bon! Bravo!!!', 0),
	(183, '1674405172643719', 'Votre pronostique était bon! Bravo!!!', 0),
	(182, '390317694809965', 'Votre pronostique était bon! Bravo!!!', 0),
	(181, '2049813751939577', 'Votre pronostique était bon! Bravo!!!', 0),
	(180, '258400014908579', 'Votre pronostique était bon! Bravo!!!', 0),
	(179, '1842851042678428', 'Votre pronostique était bon! Bravo!!!', 0),
	(178, '263061427770061', 'Votre pronostique était bon! Bravo!!!', 0),
	(177, '1963742270603862', 'Votre pronostique était bon! Bravo!!!', 0),
	(176, '2113454558924036', 'Votre pronostique était bon! Bravo!!!', 0),
	(175, '1873739826024201', 'Votre pronostique était bon! Bravo!!!', 0),
	(174, '2068812033379495', 'Votre pronostique était bon! Bravo!!!', 0),
	(173, '961189604052337', 'Votre pronostique était bon! Bravo!!!', 0),
	(172, '1902002736511312', 'Votre pronostique était bon! Bravo!!!', 0),
	(171, '1832268740173507', 'Votre pronostique était bon! Bravo!!!', 0),
	(167, '263301607745844', 'Votre pronostique était bon! Bravo!!!', 1),
	(168, '10156181534219961', 'Votre pronostique était bon! Bravo!!!', 1),
	(169, '263301607745844', 'Votre pronostique était bon! Bravo!!!', 1),
	(170, '1842851042678428', 'Votre pronostique était bon! Bravo!!!', 1);
/*!40000 ALTER TABLE `notifications_fb` ENABLE KEYS */;

-- Export de la structure de la table brasserie_prono. pronostics
DROP TABLE IF EXISTS `pronostics`;
CREATE TABLE IF NOT EXISTS `pronostics` (
  `id` int(11) NOT NULL AUTO_INCREMENT,
  `rencontre_id` int(11) NOT NULL,
  `utilisateur_id` int(11) NOT NULL,
  `score_eq1` int(11) DEFAULT NULL,
  `score_eq2` int(11) DEFAULT NULL,
  `vainqueur_id` int(11) DEFAULT NULL,
  `dateheure` datetime NOT NULL DEFAULT CURRENT_TIMESTAMP,
  `pts_obtenus` int(4) DEFAULT NULL,
  PRIMARY KEY (`id`),
  UNIQUE KEY `prono_rc_user` (`rencontre_id`,`utilisateur_id`)
) ENGINE=MyISAM AUTO_INCREMENT=2089 DEFAULT CHARSET=latin1;

-- Export de données de la table brasserie_prono.pronostics : 2 023 rows
DELETE FROM `pronostics`;
/*!40000 ALTER TABLE `pronostics` DISABLE KEYS */;
INSERT INTO `pronostics` (`id`, `rencontre_id`, `utilisateur_id`, `score_eq1`, `score_eq2`, `vainqueur_id`, `dateheure`, `pts_obtenus`) VALUES
	(63, 61, 34, 2, 0, NULL, '2018-06-14 09:45:21', NULL),
	(64, 62, 34, 1, 2, NULL, '2018-06-14 09:45:21', 0),
	(65, 61, 35, 1, 0, NULL, '2018-06-14 12:47:18', NULL),
	(66, 62, 35, 2, 0, NULL, '2018-06-14 12:47:18', NULL),
	(67, 61, 37, 0, 0, NULL, '2018-06-14 13:31:06', NULL),
	(68, 62, 37, 1, 0, NULL, '2018-06-14 13:31:06', NULL),
	(69, 63, 30, 2, 1, NULL, '2018-06-15 20:10:24', 0),
	(70, 64, 30, 2, 0, NULL, '2018-06-15 20:10:24', NULL),
	(71, 65, 30, 1, 2, NULL, '2018-06-15 20:10:24', 0),
	(72, 64, 44, 3, 1, NULL, '2018-06-16 11:59:58', 0),
	(73, 65, 44, 2, 3, NULL, '2018-06-16 11:59:58', 0),
	(74, 64, 45, 1, 0, NULL, '2018-06-16 12:02:46', NULL),
	(75, 65, 45, 0, 1, NULL, '2018-06-16 12:02:46', 20),
	(79, 66, 47, 3, 1, NULL, '2018-06-16 14:47:57', 0),
	(78, 65, 47, 0, 0, NULL, '2018-06-16 14:47:57', 0),
	(80, 65, 46, 1, 3, NULL, '2018-06-16 14:58:54', 0),
	(81, 66, 46, 1, 1, NULL, '2018-06-16 14:58:54', 0),
	(82, 65, 48, 0, 1, NULL, '2018-06-16 16:58:19', 20),
	(83, 66, 48, 1, 1, NULL, '2018-06-16 16:58:19', 0),
	(87, 68, 34, 2, 1, NULL, '2018-06-17 13:22:37', 0),
	(85, 68, 46, 2, 1, NULL, '2018-06-17 01:02:54', 0),
	(86, 69, 46, 5, 0, NULL, '2018-06-17 01:02:54', 0),
	(88, 69, 34, 3, 0, NULL, '2018-06-17 13:22:37', 0),
	(89, 68, 59, 3, 2, NULL, '2018-06-17 14:17:21', 0),
	(90, 69, 59, 1, 0, NULL, '2018-06-17 14:17:21', 0),
	(91, 68, 60, 2, 0, NULL, '2018-06-17 15:11:28', 0),
	(92, 69, 60, 1, 0, NULL, '2018-06-17 15:11:28', 0),
	(93, 68, 61, 2, 1, NULL, '2018-06-17 15:15:16', 0),
	(94, 69, 61, 2, 0, NULL, '2018-06-17 15:15:16', 0),
	(95, 68, 63, 2, 1, NULL, '2018-06-17 15:26:15', 0),
	(96, 69, 63, 3, 0, NULL, '2018-06-17 15:26:15', 0),
	(97, 68, 65, 1, 1, NULL, '2018-06-17 15:45:58', 0),
	(98, 69, 65, 2, 0, NULL, '2018-06-17 15:45:58', 0),
	(99, 68, 66, 2, 0, NULL, '2018-06-17 15:51:03', 0),
	(100, 69, 66, 3, 1, NULL, '2018-06-17 15:51:03', 0),
	(101, 68, 67, 3, 1, NULL, '2018-06-17 15:56:54', 0),
	(102, 69, 67, 3, 0, NULL, '2018-06-17 15:56:54', 0),
	(103, 68, 68, 3, 0, NULL, '2018-06-17 15:58:57', 0),
	(104, 69, 68, 2, 0, NULL, '2018-06-17 15:58:57', 0),
	(105, 69, 69, 2, 0, NULL, '2018-06-17 16:00:39', 0),
	(106, 69, 70, 3, 1, NULL, '2018-06-17 16:03:17', 0),
	(107, 69, 75, 2, 1, NULL, '2018-06-17 16:15:42', 0),
	(108, 69, 76, 2, 0, NULL, '2018-06-17 16:54:49', 0),
	(109, 69, 77, 3, 1, NULL, '2018-06-17 17:00:48', 0),
	(110, 69, 78, 3, 0, NULL, '2018-06-17 18:18:25', 0),
	(111, 69, 79, 2, 0, NULL, '2018-06-17 18:24:19', 0),
	(112, 69, 80, 2, 1, NULL, '2018-06-17 18:28:18', 0),
	(113, 70, 82, 2, 1, NULL, '2018-06-17 22:19:52', 0),
	(114, 71, 82, 3, 1, NULL, '2018-06-17 22:19:52', 0),
	(115, 72, 82, 1, 2, NULL, '2018-06-17 22:19:52', 20),
	(116, 70, 84, 0, 0, NULL, '2018-06-18 01:05:09', 0),
	(117, 71, 84, 3, 1, NULL, '2018-06-18 01:05:09', 0),
	(118, 72, 84, 0, 2, NULL, '2018-06-18 01:05:09', 0),
	(119, 70, 85, 3, 0, NULL, '2018-06-18 01:13:30', 0),
	(120, 71, 85, 3, 0, NULL, '2018-06-18 01:13:30', 20),
	(121, 72, 85, 1, 3, NULL, '2018-06-18 01:13:30', 0),
	(122, 70, 86, 3, 0, NULL, '2018-06-18 05:09:04', 0),
	(123, 71, 86, 2, 0, NULL, '2018-06-18 05:09:04', 0),
	(124, 72, 86, 0, 2, NULL, '2018-06-18 05:09:04', 0),
	(125, 70, 87, 1, 0, NULL, '2018-06-18 08:13:25', 20),
	(126, 71, 87, 2, 0, NULL, '2018-06-18 08:13:25', 0),
	(127, 72, 87, 0, 1, NULL, '2018-06-18 08:13:25', 0),
	(128, 70, 79, 2, 1, NULL, '2018-06-18 08:29:36', 0),
	(129, 71, 79, 2, 0, NULL, '2018-06-18 08:29:36', 0),
	(130, 72, 79, 1, 2, NULL, '2018-06-18 08:29:36', 20),
	(131, 70, 88, 2, 0, NULL, '2018-06-18 08:51:05', 0),
	(132, 71, 88, 3, 0, NULL, '2018-06-18 08:51:05', 20),
	(133, 72, 88, 1, 2, NULL, '2018-06-18 08:51:05', 20),
	(134, 70, 80, 0, 2, NULL, '2018-06-18 10:09:44', 0),
	(135, 71, 80, 1, 0, NULL, '2018-06-18 10:09:44', 0),
	(136, 72, 80, 0, 1, NULL, '2018-06-18 10:09:44', 0),
	(137, 70, 60, 2, 0, NULL, '2018-06-18 10:30:13', 0),
	(138, 71, 60, 1, 0, NULL, '2018-06-18 10:30:13', 0),
	(139, 72, 60, 0, 2, NULL, '2018-06-18 10:30:13', 0),
	(140, 70, 78, 2, 2, NULL, '2018-06-18 10:35:59', 0),
	(141, 71, 78, 3, 0, NULL, '2018-06-18 10:35:59', 20),
	(142, 72, 78, 0, 3, NULL, '2018-06-18 10:35:59', 0),
	(143, 70, 64, 1, 0, NULL, '2018-06-18 11:20:26', 20),
	(144, 71, 64, 2, 0, NULL, '2018-06-18 11:20:26', 0),
	(145, 72, 64, 0, 1, NULL, '2018-06-18 11:20:26', 0),
	(146, 70, 90, 1, 1, NULL, '2018-06-18 11:31:57', 0),
	(147, 71, 90, 2, 1, NULL, '2018-06-18 11:31:57', 0),
	(148, 72, 90, 1, 1, NULL, '2018-06-18 11:31:57', 0),
	(149, 70, 63, 0, 1, NULL, '2018-06-18 11:38:13', 0),
	(150, 71, 63, 1, 1, NULL, '2018-06-18 11:38:13', 0),
	(151, 72, 63, 1, 0, NULL, '2018-06-18 11:38:13', 0),
	(152, 70, 69, 2, 1, NULL, '2018-06-18 11:38:59', 0),
	(153, 71, 69, 1, 0, NULL, '2018-06-18 11:38:59', 0),
	(154, 72, 69, 1, 2, NULL, '2018-06-18 11:38:59', 20),
	(155, 70, 91, 1, 1, NULL, '2018-06-18 11:50:20', 0),
	(156, 71, 91, 2, 1, NULL, '2018-06-18 11:50:20', 0),
	(157, 72, 91, 0, 2, NULL, '2018-06-18 11:50:20', 0),
	(158, 70, 68, 1, 1, NULL, '2018-06-18 11:55:03', 0),
	(159, 71, 68, 2, 0, NULL, '2018-06-18 11:55:03', 0),
	(160, 72, 68, 0, 2, NULL, '2018-06-18 11:55:03', 0),
	(161, 70, 67, 2, 0, NULL, '2018-06-18 12:02:07', 0),
	(162, 71, 67, 2, 0, NULL, '2018-06-18 12:02:07', 0),
	(163, 72, 67, 0, 2, NULL, '2018-06-18 12:02:07', 0),
	(164, 70, 95, 2, 1, NULL, '2018-06-18 12:04:22', 0),
	(165, 71, 95, 3, 0, NULL, '2018-06-18 12:04:22', 20),
	(166, 72, 95, 0, 3, NULL, '2018-06-18 12:04:22', 0),
	(167, 70, 77, 2, 0, NULL, '2018-06-18 12:04:29', 0),
	(168, 71, 77, 3, 0, NULL, '2018-06-18 12:04:29', 20),
	(169, 72, 77, 0, 2, NULL, '2018-06-18 12:04:29', 0),
	(170, 70, 96, 2, 1, NULL, '2018-06-18 12:08:23', 0),
	(171, 71, 96, 2, 0, NULL, '2018-06-18 12:08:23', 0),
	(172, 72, 96, 0, 1, NULL, '2018-06-18 12:08:23', 0),
	(173, 70, 34, 1, 1, NULL, '2018-06-18 12:16:53', 0),
	(174, 71, 34, 2, 1, NULL, '2018-06-18 12:16:53', 0),
	(175, 72, 34, 0, 1, NULL, '2018-06-18 12:16:53', 0),
	(176, 70, 97, 2, 0, NULL, '2018-06-18 12:26:45', 0),
	(177, 71, 97, 3, 1, NULL, '2018-06-18 12:26:45', 0),
	(178, 72, 97, 0, 2, NULL, '2018-06-18 12:26:45', 0),
	(179, 70, 71, 2, 1, NULL, '2018-06-18 12:55:37', 0),
	(180, 71, 71, 1, 1, NULL, '2018-06-18 12:55:37', 0),
	(181, 72, 71, 1, 2, NULL, '2018-06-18 12:55:37', 20),
	(182, 71, 98, 2, 0, NULL, '2018-06-18 13:14:38', 0),
	(183, 72, 98, 1, 1, NULL, '2018-06-18 13:14:38', 0),
	(184, 71, 99, 2, 1, NULL, '2018-06-18 13:17:47', 0),
	(185, 72, 99, 0, 1, NULL, '2018-06-18 13:17:47', 0),
	(186, 71, 83, 2, 1, NULL, '2018-06-18 13:37:02', 0),
	(187, 72, 83, 0, 2, NULL, '2018-06-18 13:37:02', 0),
	(188, 71, 46, 1, 0, NULL, '2018-06-18 14:00:59', 0),
	(189, 72, 46, 0, 2, NULL, '2018-06-18 14:00:59', 0),
	(190, 71, 62, 2, 0, NULL, '2018-06-18 14:57:31', 0),
	(191, 72, 62, 1, 2, NULL, '2018-06-18 14:57:31', 20),
	(192, 71, 76, 2, 0, NULL, '2018-06-18 15:51:10', 0),
	(193, 72, 76, 0, 2, NULL, '2018-06-18 15:51:10', 0),
	(194, 72, 100, 0, 3, NULL, '2018-06-18 18:26:02', 0),
	(195, 72, 101, 0, 2, NULL, '2018-06-18 18:40:29', 0),
	(196, 72, 102, 1, 1, NULL, '2018-06-18 18:49:19', 0),
	(197, 72, 103, 0, 0, NULL, '2018-06-18 18:51:42', 0),
	(198, 72, 104, 1, 2, NULL, '2018-06-18 18:54:34', 20),
	(199, 72, 105, 0, 1, NULL, '2018-06-18 18:56:43', 0),
	(200, 72, 106, 1, 0, NULL, '2018-06-18 18:58:27', 0),
	(201, 73, 88, 2, 0, NULL, '2018-06-18 21:56:28', 0),
	(202, 74, 88, 1, 1, NULL, '2018-06-18 21:56:28', 0),
	(203, 73, 82, 2, 1, NULL, '2018-06-18 22:03:40', 0),
	(204, 74, 82, 2, 1, NULL, '2018-06-18 22:03:40', 0),
	(205, 73, 108, 2, 0, NULL, '2018-06-18 22:22:44', 0),
	(206, 74, 108, 0, 1, NULL, '2018-06-18 22:22:44', 0),
	(207, 75, 108, 1, 1, NULL, '2018-06-18 22:22:44', 0),
	(208, 73, 77, 1, 0, NULL, '2018-06-18 22:30:11', 0),
	(209, 74, 77, 2, 0, NULL, '2018-06-18 22:30:11', 0),
	(210, 75, 77, 1, 1, NULL, '2018-06-18 22:30:11', 0),
	(211, 73, 86, 2, 0, NULL, '2018-06-19 01:17:52', 0),
	(212, 74, 86, 0, 1, NULL, '2018-06-19 01:17:52', 0),
	(213, 75, 86, 1, 2, NULL, '2018-06-19 01:17:52', 0),
	(214, 73, 87, 1, 0, NULL, '2018-06-19 07:36:34', 0),
	(215, 74, 87, 2, 1, NULL, '2018-06-19 07:36:34', 0),
	(216, 75, 87, 1, 2, NULL, '2018-06-19 07:36:34', 0),
	(217, 75, 82, 2, 2, NULL, '2018-06-19 08:04:04', 0),
	(218, 73, 64, 2, 0, NULL, '2018-06-19 08:05:43', 0),
	(219, 74, 64, 0, 1, NULL, '2018-06-19 08:05:43', 0),
	(220, 75, 64, 0, 0, NULL, '2018-06-19 08:05:43', 0),
	(221, 73, 79, 2, 0, NULL, '2018-06-19 08:13:59', 0),
	(222, 74, 79, 0, 1, NULL, '2018-06-19 08:13:59', 0),
	(223, 75, 79, 1, 2, NULL, '2018-06-19 08:13:59', 0),
	(224, 73, 96, 2, 1, NULL, '2018-06-19 08:16:11', 0),
	(225, 74, 96, 1, 1, NULL, '2018-06-19 08:16:11', 0),
	(226, 75, 96, 1, 1, NULL, '2018-06-19 08:16:11', 0),
	(227, 73, 47, 2, 1, NULL, '2018-06-19 09:22:00', 0),
	(228, 74, 47, 0, 0, NULL, '2018-06-19 09:22:00', 0),
	(229, 75, 47, 1, 1, NULL, '2018-06-19 09:22:00', 0),
	(230, 73, 110, 2, 0, NULL, '2018-06-19 09:26:49', 0),
	(231, 74, 110, 1, 1, NULL, '2018-06-19 09:26:49', 0),
	(232, 75, 110, 2, 1, NULL, '2018-06-19 09:26:49', 0),
	(233, 73, 76, 2, 0, NULL, '2018-06-19 09:42:48', 0),
	(234, 74, 76, 2, 2, NULL, '2018-06-19 09:42:48', 0),
	(235, 75, 76, 0, 1, NULL, '2018-06-19 09:42:48', 0),
	(236, 73, 62, 1, 2, NULL, '2018-06-19 09:57:43', 0),
	(237, 74, 62, 1, 2, NULL, '2018-06-19 09:57:43', 20),
	(238, 75, 62, 3, 1, NULL, '2018-06-19 09:57:43', 20),
	(239, 73, 98, 2, 0, NULL, '2018-06-19 10:08:05', 0),
	(240, 74, 98, 1, 2, NULL, '2018-06-19 10:08:05', 20),
	(241, 75, 98, 0, 2, NULL, '2018-06-19 10:08:05', 0),
	(242, 73, 112, 2, 1, NULL, '2018-06-19 10:25:52', 0),
	(243, 74, 112, 2, 0, NULL, '2018-06-19 10:25:52', 0),
	(244, 75, 112, 1, 2, NULL, '2018-06-19 10:25:52', 0),
	(245, 73, 90, 1, 0, NULL, '2018-06-19 11:14:39', 0),
	(246, 74, 90, 0, 1, NULL, '2018-06-19 11:14:39', 0),
	(247, 75, 90, 0, 1, NULL, '2018-06-19 11:14:39', 0),
	(248, 73, 104, 1, 0, NULL, '2018-06-19 11:18:29', 0),
	(249, 74, 104, 1, 1, NULL, '2018-06-19 11:18:29', 0),
	(250, 75, 104, 0, 0, NULL, '2018-06-19 11:18:29', 0),
	(251, 73, 106, 2, 1, NULL, '2018-06-19 11:21:44', 0),
	(252, 74, 106, 2, 1, NULL, '2018-06-19 11:21:44', 0),
	(253, 75, 106, 1, 1, NULL, '2018-06-19 11:21:44', 0),
	(254, 73, 60, 1, 2, NULL, '2018-06-19 11:36:12', 0),
	(255, 74, 60, 1, 2, NULL, '2018-06-19 11:36:12', 20),
	(256, 75, 60, 3, 1, NULL, '2018-06-19 11:36:12', 20),
	(257, 75, 88, 1, 2, NULL, '2018-06-19 11:39:26', 0),
	(258, 73, 84, 1, 0, NULL, '2018-06-19 12:03:15', 0),
	(259, 74, 84, 1, 1, NULL, '2018-06-19 12:03:15', 0),
	(260, 75, 84, 2, 1, NULL, '2018-06-19 12:03:15', 0),
	(261, 73, 113, 3, 1, NULL, '2018-06-19 12:32:55', 0),
	(262, 74, 113, 2, 1, NULL, '2018-06-19 12:32:55', 0),
	(263, 75, 113, 1, 0, NULL, '2018-06-19 12:32:55', 0),
	(264, 73, 68, 1, 0, NULL, '2018-06-19 12:34:52', 0),
	(265, 74, 68, 1, 0, NULL, '2018-06-19 12:34:52', 0),
	(266, 75, 68, 1, 1, NULL, '2018-06-19 12:34:52', 0),
	(267, 73, 67, 2, 0, NULL, '2018-06-19 12:35:50', 0),
	(268, 74, 67, 0, 1, NULL, '2018-06-19 12:35:50', 0),
	(269, 75, 67, 0, 0, NULL, '2018-06-19 12:35:50', 0),
	(270, 73, 100, 2, 0, NULL, '2018-06-19 12:43:25', 0),
	(271, 74, 100, 1, 1, NULL, '2018-06-19 12:43:25', 0),
	(272, 75, 100, 1, 2, NULL, '2018-06-19 12:43:25', 0),
	(273, 73, 105, 2, 0, NULL, '2018-06-19 12:58:48', 0),
	(274, 74, 105, 0, 0, NULL, '2018-06-19 12:58:48', 0),
	(275, 75, 105, 0, 0, NULL, '2018-06-19 12:58:48', 0),
	(276, 73, 63, 0, 2, NULL, '2018-06-19 12:59:46', 0),
	(277, 74, 63, 0, 0, NULL, '2018-06-19 12:59:46', 0),
	(278, 75, 63, 0, 0, NULL, '2018-06-19 12:59:46', 0),
	(279, 74, 115, 1, 0, NULL, '2018-06-19 13:27:15', 0),
	(280, 75, 115, 1, 1, NULL, '2018-06-19 13:27:15', 0),
	(281, 74, 69, 2, 0, NULL, '2018-06-19 13:53:28', 0),
	(282, 75, 69, 3, 1, NULL, '2018-06-19 13:53:28', 20),
	(283, 74, 71, 2, 0, NULL, '2018-06-19 13:56:34', 0),
	(284, 75, 71, 2, 0, NULL, '2018-06-19 13:56:34', 0),
	(285, 74, 116, 0, 1, NULL, '2018-06-19 14:37:14', 0),
	(286, 75, 116, 0, 1, NULL, '2018-06-19 14:37:14', 0),
	(287, 74, 117, 2, 0, NULL, '2018-06-19 15:00:08', 0),
	(288, 75, 117, 1, 1, NULL, '2018-06-19 15:00:08', 0),
	(289, 74, 118, 1, 0, NULL, '2018-06-19 15:05:02', 0),
	(290, 75, 118, 1, 2, NULL, '2018-06-19 15:05:02', 0),
	(291, 74, 34, 0, 1, NULL, '2018-06-19 15:06:28', 0),
	(292, 75, 34, 1, 1, NULL, '2018-06-19 15:06:28', 0),
	(293, 74, 119, 3, 1, NULL, '2018-06-19 15:14:12', 0),
	(294, 75, 119, 0, 2, NULL, '2018-06-19 15:14:12', 0),
	(295, 74, 43, 2, 1, NULL, '2018-06-19 15:46:12', 0),
	(296, 75, 43, 1, 1, NULL, '2018-06-19 15:46:12', 0),
	(297, 74, 78, 2, 0, NULL, '2018-06-19 15:53:10', 0),
	(298, 75, 78, 0, 1, NULL, '2018-06-19 15:53:10', 0),
	(299, 75, 97, 1, 2, NULL, '2018-06-19 16:39:35', 0),
	(300, 75, 121, 1, 2, NULL, '2018-06-19 18:20:46', 0),
	(301, 75, 46, 3, 0, NULL, '2018-06-19 18:34:35', 0),
	(302, 76, 88, 2, 1, NULL, '2018-06-19 21:52:19', 0),
	(303, 77, 88, 4, 0, NULL, '2018-06-19 21:52:19', 0),
	(304, 78, 88, 0, 3, NULL, '2018-06-19 21:52:19', 0),
	(305, 76, 122, 3, 1, NULL, '2018-06-19 22:11:01', 0),
	(306, 77, 122, 2, 0, NULL, '2018-06-19 22:11:01', 0),
	(307, 78, 122, 0, 3, NULL, '2018-06-19 22:11:01', 0),
	(308, 76, 96, 2, 0, NULL, '2018-06-19 22:15:11', 0),
	(309, 77, 96, 2, 0, NULL, '2018-06-19 22:15:11', 0),
	(310, 78, 96, 0, 3, NULL, '2018-06-19 22:15:11', 0),
	(311, 76, 47, 3, 1, NULL, '2018-06-19 22:22:46', 0),
	(312, 77, 47, 1, 2, NULL, '2018-06-19 22:22:46', 0),
	(313, 78, 47, 0, 1, NULL, '2018-06-19 22:22:46', 20),
	(314, 76, 80, 1, 0, NULL, '2018-06-19 22:30:12', 20),
	(315, 77, 80, 2, 0, NULL, '2018-06-19 22:30:12', 0),
	(316, 78, 80, 0, 1, NULL, '2018-06-19 22:30:12', 20),
	(317, 76, 64, 2, 0, NULL, '2018-06-20 03:02:01', 0),
	(318, 77, 64, 5, 0, NULL, '2018-06-20 03:02:01', 0),
	(319, 78, 64, 0, 4, NULL, '2018-06-20 03:02:01', 0),
	(320, 76, 69, 2, 0, NULL, '2018-06-20 03:03:00', 0),
	(321, 77, 69, 1, 0, NULL, '2018-06-20 03:03:00', 20),
	(322, 78, 69, 0, 2, NULL, '2018-06-20 03:03:00', 0),
	(323, 76, 71, 2, 0, NULL, '2018-06-20 03:05:27', 0),
	(324, 77, 71, 2, 0, NULL, '2018-06-20 03:05:27', 0),
	(325, 78, 71, 0, 2, NULL, '2018-06-20 03:05:27', 0),
	(326, 76, 115, 3, 0, NULL, '2018-06-20 03:08:47', 0),
	(327, 77, 115, 4, 0, NULL, '2018-06-20 03:08:47', 0),
	(328, 78, 115, 0, 3, NULL, '2018-06-20 03:08:47', 0),
	(329, 76, 113, 2, 1, NULL, '2018-06-20 03:10:32', 0),
	(330, 77, 113, 3, 0, NULL, '2018-06-20 03:10:32', 0),
	(331, 78, 113, 0, 3, NULL, '2018-06-20 03:10:32', 0),
	(332, 76, 90, 3, 0, NULL, '2018-06-20 03:11:40', 0),
	(333, 77, 90, 4, 0, NULL, '2018-06-20 03:11:40', 0),
	(334, 78, 90, 0, 3, NULL, '2018-06-20 03:11:40', 0),
	(335, 76, 108, 3, 1, NULL, '2018-06-20 03:13:04', 0),
	(336, 77, 108, 6, 0, NULL, '2018-06-20 03:13:04', 0),
	(337, 78, 108, 0, 3, NULL, '2018-06-20 03:13:04', 0),
	(338, 76, 116, 2, 0, NULL, '2018-06-20 03:17:55', 0),
	(339, 77, 116, 3, 0, NULL, '2018-06-20 03:17:56', 0),
	(340, 78, 116, 0, 3, NULL, '2018-06-20 03:17:56', 0),
	(341, 76, 105, 1, 0, NULL, '2018-06-20 03:19:26', 20),
	(342, 77, 105, 3, 0, NULL, '2018-06-20 03:19:26', 0),
	(343, 78, 105, 0, 2, NULL, '2018-06-20 03:19:26', 0),
	(344, 76, 68, 2, 1, NULL, '2018-06-20 03:20:40', 0),
	(345, 77, 68, 4, 0, NULL, '2018-06-20 03:20:40', 0),
	(346, 78, 68, 0, 4, NULL, '2018-06-20 03:20:40', 0),
	(347, 76, 67, 2, 0, NULL, '2018-06-20 03:21:52', 0),
	(348, 77, 67, 2, 0, NULL, '2018-06-20 03:21:52', 0),
	(349, 78, 67, 0, 2, NULL, '2018-06-20 03:21:52', 0),
	(350, 76, 106, 2, 0, NULL, '2018-06-20 03:23:24', 0),
	(351, 77, 106, 4, 0, NULL, '2018-06-20 03:23:24', 0),
	(352, 78, 106, 1, 3, NULL, '2018-06-20 03:23:24', 0),
	(353, 76, 104, 3, 1, NULL, '2018-06-20 03:24:40', 0),
	(354, 77, 104, 3, 0, NULL, '2018-06-20 03:24:40', 0),
	(355, 78, 104, 0, 3, NULL, '2018-06-20 03:24:40', 0),
	(356, 76, 103, 2, 1, NULL, '2018-06-20 03:25:43', 0),
	(357, 77, 103, 3, 0, NULL, '2018-06-20 03:25:43', 0),
	(358, 78, 103, 0, 2, NULL, '2018-06-20 03:25:43', 0),
	(359, 76, 114, 1, 0, NULL, '2018-06-20 03:27:30', 20),
	(360, 77, 114, 3, 0, NULL, '2018-06-20 03:27:30', 0),
	(361, 78, 114, 0, 3, NULL, '2018-06-20 03:27:30', 0),
	(362, 76, 102, 3, 1, NULL, '2018-06-20 03:29:52', 0),
	(363, 77, 102, 4, 0, NULL, '2018-06-20 03:29:52', 0),
	(364, 78, 102, 1, 3, NULL, '2018-06-20 03:29:52', 0),
	(365, 76, 82, 3, 1, NULL, '2018-06-20 05:56:48', 0),
	(366, 77, 82, 3, 0, NULL, '2018-06-20 05:56:48', 0),
	(367, 78, 82, 0, 2, NULL, '2018-06-20 05:56:48', 0),
	(368, 76, 79, 2, 1, NULL, '2018-06-20 06:46:17', 0),
	(369, 77, 79, 3, 0, NULL, '2018-06-20 06:46:17', 0),
	(370, 78, 79, 0, 2, NULL, '2018-06-20 06:46:17', 0),
	(371, 76, 34, 2, 0, NULL, '2018-06-20 07:09:45', 0),
	(372, 77, 34, 1, 0, NULL, '2018-06-20 07:09:45', 20),
	(373, 78, 34, 0, 3, NULL, '2018-06-20 07:09:45', 0),
	(374, 76, 110, 2, 1, NULL, '2018-06-20 07:49:21', 0),
	(375, 77, 110, 1, 0, NULL, '2018-06-20 07:49:21', 20),
	(376, 78, 110, 0, 3, NULL, '2018-06-20 07:49:21', 0),
	(377, 76, 76, 3, 0, NULL, '2018-06-20 07:51:29', 0),
	(378, 77, 76, 2, 0, NULL, '2018-06-20 07:51:29', 0),
	(379, 78, 76, 0, 3, NULL, '2018-06-20 07:51:29', 0),
	(380, 76, 99, 3, 0, NULL, '2018-06-20 07:53:31', 0),
	(381, 77, 99, 2, 0, NULL, '2018-06-20 07:53:31', 0),
	(382, 78, 99, 0, 3, NULL, '2018-06-20 07:53:31', 0),
	(383, 76, 126, 3, 0, NULL, '2018-06-20 07:59:57', 0),
	(384, 77, 126, 3, 1, NULL, '2018-06-20 07:59:57', 0),
	(385, 78, 126, 0, 4, NULL, '2018-06-20 07:59:57', 0),
	(386, 76, 87, 2, 0, NULL, '2018-06-20 08:40:21', 0),
	(387, 77, 87, 3, 0, NULL, '2018-06-20 08:40:21', 0),
	(388, 78, 87, 0, 2, NULL, '2018-06-20 08:40:21', 0),
	(389, 76, 86, 3, 0, NULL, '2018-06-20 08:44:37', 0),
	(390, 77, 86, 2, 0, NULL, '2018-06-20 08:44:37', 0),
	(391, 78, 86, 0, 3, NULL, '2018-06-20 08:44:37', 0),
	(392, 76, 35, 1, 0, NULL, '2018-06-20 10:21:17', 20),
	(393, 77, 35, 3, 0, NULL, '2018-06-20 10:21:17', 0),
	(394, 78, 35, 0, 2, NULL, '2018-06-20 10:21:17', 0),
	(395, 76, 98, 2, 1, NULL, '2018-06-20 11:13:22', 0),
	(396, 77, 98, 3, 0, NULL, '2018-06-20 11:13:22', 0),
	(397, 78, 98, 0, 4, NULL, '2018-06-20 11:13:22', 0),
	(398, 76, 60, 1, 0, NULL, '2018-06-20 11:36:35', 20),
	(399, 77, 60, 1, 0, NULL, '2018-06-20 11:36:35', 20),
	(400, 78, 60, 0, 1, NULL, '2018-06-20 11:36:35', 20),
	(401, 76, 62, 1, 0, NULL, '2018-06-20 11:44:05', 20),
	(402, 77, 62, 1, 0, NULL, '2018-06-20 11:44:05', 20),
	(403, 78, 62, 0, 1, NULL, '2018-06-20 11:44:05', 20),
	(404, 76, 77, 3, 0, NULL, '2018-06-20 12:07:17', 0),
	(405, 77, 77, 3, 0, NULL, '2018-06-20 12:07:17', 0),
	(406, 78, 77, 0, 4, NULL, '2018-06-20 12:07:17', 0),
	(407, 76, 43, 1, 1, NULL, '2018-06-20 12:54:04', 0),
	(408, 77, 43, 2, 1, NULL, '2018-06-20 12:54:04', 0),
	(409, 78, 43, 0, 3, NULL, '2018-06-20 12:54:04', 0),
	(410, 76, 46, 3, 0, NULL, '2018-06-20 12:56:32', 0),
	(411, 77, 46, 4, 0, NULL, '2018-06-20 12:56:32', 0),
	(412, 78, 46, 1, 2, NULL, '2018-06-20 12:56:32', 0),
	(413, 77, 78, 4, 0, NULL, '2018-06-20 14:26:17', 0),
	(414, 78, 78, 0, 5, NULL, '2018-06-20 14:26:17', 0),
	(415, 77, 127, 3, 0, NULL, '2018-06-20 15:34:47', 0),
	(416, 78, 127, 0, 4, NULL, '2018-06-20 15:34:47', 0),
	(417, 78, 128, 0, 3, NULL, '2018-06-20 17:06:13', 0),
	(418, 78, 63, 0, 3, NULL, '2018-06-20 18:45:45', 0),
	(419, 79, 46, 2, 2, NULL, '2018-06-21 16:15:11', 0),
	(420, 80, 46, 4, 4, NULL, '2018-06-21 16:15:11', 0),
	(421, 81, 46, 6, 3, NULL, '2018-06-21 16:17:37', 0),
	(422, 79, 76, 1, 0, NULL, '2018-06-21 07:32:52', 0),
	(423, 80, 76, 1, 0, NULL, '2018-06-21 07:32:52', 20),
	(424, 81, 76, 1, 0, NULL, '2018-06-21 07:32:52', 0),
	(425, 79, 127, 2, 1, NULL, '2018-06-21 08:06:46', 0),
	(426, 80, 127, 2, 0, NULL, '2018-06-21 08:06:46', 0),
	(427, 81, 127, 1, 0, NULL, '2018-06-21 08:06:46', 0),
	(428, 79, 79, 1, 0, NULL, '2018-06-21 08:27:56', 0),
	(429, 80, 79, 2, 0, NULL, '2018-06-21 08:27:56', 0),
	(430, 81, 79, 1, 0, NULL, '2018-06-21 08:27:56', 0),
	(431, 79, 60, 1, 0, NULL, '2018-06-21 14:51:53', 0),
	(432, 80, 60, 2, 0, NULL, '2018-06-21 14:51:53', 0),
	(433, 81, 60, 1, 1, NULL, '2018-06-21 14:51:53', 0),
	(434, 79, 144, 1, 0, NULL, '2018-06-21 10:50:41', 0),
	(435, 80, 144, 1, 1, NULL, '2018-06-21 10:50:41', 0),
	(436, 81, 144, 2, 1, NULL, '2018-06-21 10:50:41', 0),
	(437, 79, 77, 1, 1, NULL, '2018-06-21 10:55:05', 20),
	(438, 80, 77, 2, 0, NULL, '2018-06-21 10:55:05', 0),
	(439, 81, 77, 1, 1, NULL, '2018-06-21 10:55:05', 0),
	(440, 79, 35, 0, 2, NULL, '2018-06-21 10:55:59', 0),
	(441, 80, 35, 2, 0, NULL, '2018-06-21 10:55:59', 0),
	(442, 81, 35, 2, 0, NULL, '2018-06-21 10:55:59', 0),
	(443, 79, 82, 1, 1, NULL, '2018-06-21 12:26:43', 20),
	(444, 80, 82, 1, 2, NULL, '2018-06-21 15:16:46', 0),
	(445, 81, 82, 2, 1, NULL, '2018-06-21 15:16:46', 0),
	(446, 79, 96, 0, 1, NULL, '2018-06-21 11:30:52', 0),
	(447, 80, 96, 1, 0, NULL, '2018-06-21 11:30:53', 20),
	(448, 81, 96, 1, 0, NULL, '2018-06-21 11:30:53', 0),
	(449, 79, 43, 1, 1, NULL, '2018-06-21 12:01:23', 20),
	(450, 80, 43, 2, 1, NULL, '2018-06-21 12:01:23', 0),
	(451, 81, 43, 1, 2, NULL, '2018-06-21 16:52:19', 0),
	(452, 79, 69, 0, 0, NULL, '2018-06-21 12:08:28', 0),
	(453, 80, 69, 2, 1, NULL, '2018-06-21 12:08:28', 0),
	(454, 81, 69, 1, 1, NULL, '2018-06-21 12:08:28', 0),
	(455, 79, 110, 1, 1, NULL, '2018-06-21 12:08:37', 20),
	(456, 80, 110, 2, 0, NULL, '2018-06-21 12:08:37', 0),
	(457, 81, 110, 2, 1, NULL, '2018-06-21 12:08:37', 0),
	(458, 79, 71, 1, 0, NULL, '2018-06-21 12:09:59', 0),
	(459, 80, 71, 2, 1, NULL, '2018-06-21 12:09:59', 0),
	(460, 81, 71, 1, 1, NULL, '2018-06-21 12:09:59', 0),
	(461, 79, 64, 1, 0, NULL, '2018-06-21 12:11:11', 0),
	(462, 80, 64, 1, 1, NULL, '2018-06-21 12:11:11', 0),
	(463, 81, 64, 1, 1, NULL, '2018-06-21 12:11:11', 0),
	(464, 79, 113, 0, 0, NULL, '2018-06-21 12:12:33', 0),
	(465, 80, 113, 0, 1, NULL, '2018-06-21 12:12:33', 0),
	(466, 81, 113, 0, 1, NULL, '2018-06-21 12:12:33', 0),
	(467, 79, 115, 1, 1, NULL, '2018-06-21 12:16:48', 20),
	(468, 80, 115, 1, 1, NULL, '2018-06-21 12:16:48', 0),
	(469, 81, 115, 1, 1, NULL, '2018-06-21 12:16:48', 0),
	(470, 79, 62, 1, 0, NULL, '2018-06-21 14:52:11', 0),
	(471, 80, 62, 1, 0, NULL, '2018-06-21 14:52:11', 20),
	(472, 81, 62, 1, 0, NULL, '2018-06-21 14:52:11', 0),
	(473, 79, 108, 1, 0, NULL, '2018-06-21 12:18:21', 0),
	(474, 80, 108, 1, 0, NULL, '2018-06-21 12:18:21', 20),
	(475, 81, 108, 0, 1, NULL, '2018-06-21 12:18:21', 0),
	(476, 79, 122, 1, 1, NULL, '2018-06-21 12:22:28', 20),
	(477, 80, 122, 1, 2, NULL, '2018-06-21 12:22:28', 0),
	(478, 81, 122, 0, 1, NULL, '2018-06-21 12:22:28', 0),
	(479, 79, 88, 0, 1, NULL, '2018-06-21 12:58:24', 0),
	(480, 80, 88, 2, 0, NULL, '2018-06-21 12:58:24', 0),
	(481, 81, 88, 3, 1, NULL, '2018-06-21 12:58:24', 0),
	(482, 80, 75, 1, 0, NULL, '2018-06-21 13:05:57', 20),
	(483, 81, 75, 2, 1, NULL, '2018-06-21 13:05:57', 0),
	(484, 80, 34, 1, 1, NULL, '2018-06-21 13:28:35', 0),
	(485, 81, 34, 1, 2, NULL, '2018-06-21 13:28:35', 0),
	(486, 80, 99, 2, 1, NULL, '2018-06-21 13:54:49', 0),
	(487, 81, 99, 2, 1, NULL, '2018-06-21 13:54:49', 0),
	(488, 80, 78, 1, 0, NULL, '2018-06-21 14:28:35', 20),
	(489, 81, 78, 2, 0, NULL, '2018-06-21 14:28:35', 0),
	(490, 80, 98, 1, 0, NULL, '2018-06-21 14:32:11', 20),
	(491, 81, 98, 2, 1, NULL, '2018-06-21 14:32:11', 0),
	(492, 80, 87, 1, 0, NULL, '2018-06-21 15:09:47', 20),
	(493, 81, 87, 1, 1, NULL, '2018-06-21 15:09:47', 0),
	(494, 81, 36, 3, 2, NULL, '2018-06-21 17:13:27', 0),
	(495, 81, 128, 2, 1, NULL, '2018-06-21 17:54:55', 0),
	(496, 82, 64, 2, 0, NULL, '2018-06-22 00:32:01', 20),
	(497, 83, 64, 0, 1, NULL, '2018-06-22 00:32:01', 0),
	(498, 84, 64, 0, 1, NULL, '2018-06-22 00:32:01', 0),
	(499, 82, 82, 3, 1, NULL, '2018-06-22 12:05:37', 0),
	(500, 83, 82, 1, 2, NULL, '2018-06-22 12:05:37', 0),
	(501, 84, 82, 1, 2, NULL, '2018-06-22 12:05:37', 20),
	(502, 82, 146, 3, 1, NULL, '2018-06-22 05:56:25', 0),
	(503, 83, 146, 1, 1, NULL, '2018-06-22 05:56:25', 0),
	(504, 84, 146, 1, 1, NULL, '2018-06-22 16:32:08', 0),
	(505, 82, 76, 2, 0, NULL, '2018-06-22 07:17:25', 20),
	(506, 83, 76, 0, 2, NULL, '2018-06-22 07:17:25', 0),
	(507, 84, 76, 0, 2, NULL, '2018-06-22 07:17:25', 0),
	(508, 82, 78, 3, 1, NULL, '2018-06-22 09:06:02', 0),
	(509, 83, 78, 1, 0, NULL, '2018-06-22 09:06:02', 0),
	(510, 84, 78, 2, 1, NULL, '2018-06-22 09:06:02', 0),
	(511, 82, 87, 2, 0, NULL, '2018-06-22 10:10:57', 20),
	(512, 83, 87, 1, 0, NULL, '2018-06-22 10:10:57', 0),
	(513, 84, 87, 1, 1, NULL, '2018-06-22 10:10:57', 0),
	(514, 82, 70, 2, 0, NULL, '2018-06-22 10:23:11', 20),
	(515, 83, 70, 0, 1, NULL, '2018-06-22 10:23:11', 0),
	(516, 84, 70, 1, 1, NULL, '2018-06-22 10:23:11', 0),
	(517, 82, 75, 2, 1, NULL, '2018-06-22 10:25:04', 0),
	(518, 83, 75, 1, 2, NULL, '2018-06-22 10:25:04', 0),
	(519, 84, 75, 0, 0, NULL, '2018-06-22 10:25:04', 0),
	(520, 82, 62, 2, 0, NULL, '2018-06-22 10:27:34', 20),
	(521, 83, 62, 0, 1, NULL, '2018-06-22 15:12:35', 0),
	(522, 84, 62, 2, 0, NULL, '2018-06-22 15:12:35', 0),
	(523, 82, 147, 3, 0, NULL, '2018-06-22 10:41:28', 0),
	(524, 83, 147, 2, 1, NULL, '2018-06-22 10:41:28', 0),
	(525, 84, 147, 2, 2, NULL, '2018-06-22 10:41:28', 0),
	(526, 82, 60, 1, 0, NULL, '2018-06-22 10:47:45', 0),
	(527, 83, 60, 1, 0, NULL, '2018-06-22 14:53:47', 0),
	(528, 84, 60, 1, 0, NULL, '2018-06-22 14:53:47', 0),
	(529, 82, 149, 2, 1, NULL, '2018-06-22 11:01:33', 0),
	(530, 83, 149, 1, 0, NULL, '2018-06-22 11:01:33', 0),
	(531, 84, 149, 0, 0, NULL, '2018-06-22 11:01:33', 0),
	(532, 82, 79, 2, 1, NULL, '2018-06-22 11:05:25', 0),
	(533, 83, 79, 1, 0, NULL, '2018-06-22 11:05:25', 0),
	(534, 84, 79, 0, 1, NULL, '2018-06-22 11:05:25', 0),
	(535, 82, 128, 2, 0, NULL, '2018-06-22 12:55:40', 20),
	(536, 83, 128, 2, 1, NULL, '2018-06-22 15:46:35', 0),
	(537, 84, 128, 1, 1, NULL, '2018-06-22 17:57:31', 0),
	(538, 82, 98, 2, 0, NULL, '2018-06-22 11:24:10', 20),
	(539, 83, 98, 1, 0, NULL, '2018-06-22 11:24:10', 0),
	(540, 84, 98, 0, 3, NULL, '2018-06-22 11:24:10', 0),
	(541, 82, 88, 3, 0, NULL, '2018-06-22 11:31:10', 0),
	(542, 83, 88, 1, 0, NULL, '2018-06-22 11:31:10', 0),
	(543, 84, 88, 0, 1, NULL, '2018-06-22 11:31:10', 0),
	(544, 82, 77, 2, 0, NULL, '2018-06-22 11:34:45', 20),
	(545, 83, 77, 1, 0, NULL, '2018-06-22 11:34:45', 0),
	(546, 84, 77, 2, 1, NULL, '2018-06-22 11:34:45', 0),
	(547, 82, 46, 2, 0, NULL, '2018-06-22 11:50:21', 20),
	(548, 83, 46, 2, 1, NULL, '2018-06-22 11:50:21', 0),
	(549, 84, 46, 2, 0, NULL, '2018-06-22 11:50:21', 0),
	(550, 82, 43, 2, 1, NULL, '2018-06-22 11:51:47', 0),
	(551, 83, 43, 1, 1, NULL, '2018-06-22 11:51:47', 0),
	(552, 84, 43, 1, 0, NULL, '2018-06-22 11:51:47', 0),
	(553, 82, 110, 2, 0, NULL, '2018-06-22 12:09:41', 20),
	(554, 83, 110, 0, 1, NULL, '2018-06-22 12:09:41', 0),
	(555, 84, 110, 0, 1, NULL, '2018-06-22 12:09:41', 0),
	(556, 82, 108, 1, 0, NULL, '2018-06-22 12:42:45', 0),
	(557, 83, 108, 0, 0, NULL, '2018-06-22 12:42:45', 0),
	(558, 84, 108, 1, 1, NULL, '2018-06-22 12:42:45', 0),
	(559, 82, 90, 1, 0, NULL, '2018-06-22 12:44:48', 0),
	(560, 83, 90, 1, 0, NULL, '2018-06-22 12:44:48', 0),
	(561, 84, 90, 0, 1, NULL, '2018-06-22 12:44:48', 0),
	(562, 82, 115, 2, 1, NULL, '2018-06-22 12:46:44', 0),
	(563, 83, 115, 0, 0, NULL, '2018-06-22 12:46:44', 0),
	(564, 84, 115, 0, 0, NULL, '2018-06-22 12:46:44', 0),
	(565, 82, 113, 1, 0, NULL, '2018-06-22 12:50:02', 0),
	(566, 83, 113, 0, 2, NULL, '2018-06-22 12:50:02', 0),
	(567, 84, 113, 1, 0, NULL, '2018-06-22 12:50:02', 0),
	(568, 82, 102, 1, 0, NULL, '2018-06-22 12:52:46', 0),
	(569, 83, 102, 1, 0, NULL, '2018-06-22 12:52:46', 0),
	(570, 84, 102, 1, 0, NULL, '2018-06-22 12:52:46', 0),
	(571, 82, 96, 1, 0, NULL, '2018-06-22 12:54:44', 0),
	(572, 83, 96, 0, 1, NULL, '2018-06-22 12:54:44', 0),
	(573, 84, 96, 1, 1, NULL, '2018-06-22 12:54:44', 0),
	(574, 82, 114, 2, 0, NULL, '2018-06-22 12:54:39', 20),
	(575, 83, 114, 0, 0, NULL, '2018-06-22 12:54:39', 0),
	(576, 84, 114, 1, 1, NULL, '2018-06-22 12:54:39', 0),
	(577, 82, 34, 1, 1, NULL, '2018-06-22 12:58:10', 0),
	(578, 83, 34, 0, 1, NULL, '2018-06-22 12:58:10', 0),
	(579, 84, 34, 2, 1, NULL, '2018-06-22 12:58:10', 0),
	(580, 82, 104, 2, 1, NULL, '2018-06-22 12:58:14', 0),
	(581, 83, 104, 0, 0, NULL, '2018-06-22 12:58:14', 0),
	(582, 84, 104, 1, 1, NULL, '2018-06-22 12:58:14', 0),
	(583, 82, 68, 2, 0, NULL, '2018-06-22 12:59:36', 20),
	(584, 83, 68, 1, 0, NULL, '2018-06-22 12:59:36', 0),
	(585, 84, 68, 0, 1, NULL, '2018-06-22 12:59:36', 0),
	(586, 83, 150, 1, 2, NULL, '2018-06-22 13:06:18', 0),
	(587, 84, 150, 1, 1, NULL, '2018-06-22 13:06:18', 0),
	(588, 83, 121, 0, 1, NULL, '2018-06-22 13:50:08', 0),
	(589, 84, 121, 0, 1, NULL, '2018-06-22 13:50:08', 0),
	(590, 83, 153, 2, 1, NULL, '2018-06-22 14:03:24', 0),
	(591, 84, 153, 0, 1, NULL, '2018-06-22 14:03:24', 0),
	(592, 83, 69, 0, 1, NULL, '2018-06-22 14:51:34', 0),
	(593, 84, 69, 1, 1, NULL, '2018-06-22 14:51:34', 0),
	(594, 83, 99, 1, 0, NULL, '2018-06-22 15:16:11', 0),
	(595, 84, 99, 1, 1, NULL, '2018-06-22 15:16:11', 0),
	(596, 83, 100, 2, 1, NULL, '2018-06-22 15:27:14', 0),
	(597, 84, 100, 1, 1, NULL, '2018-06-22 15:27:14', 0),
	(598, 83, 154, 2, 2, NULL, '2018-06-22 15:38:05', 0),
	(599, 84, 154, 1, 3, NULL, '2018-06-22 15:38:05', 0),
	(600, 84, 156, 1, 1, NULL, '2018-06-22 16:04:38', 0),
	(601, 84, 47, 0, 2, NULL, '2018-06-22 17:17:04', 0),
	(602, 84, 157, 0, 1, NULL, '2018-06-22 18:07:12', 0),
	(603, 85, 82, 2, 1, NULL, '2018-06-23 03:39:57', 0),
	(604, 86, 82, 1, 2, NULL, '2018-06-23 03:39:57', 20),
	(605, 87, 82, 2, 1, NULL, '2018-06-23 03:39:57', 20),
	(606, 85, 88, 2, 0, NULL, '2018-06-23 04:11:03', 0),
	(607, 86, 88, 0, 1, NULL, '2018-06-23 04:11:03', 0),
	(608, 87, 88, 1, 0, NULL, '2018-06-23 04:11:03', 0),
	(609, 85, 47, 2, 1, NULL, '2018-06-23 07:06:26', 0),
	(610, 86, 47, 1, 2, NULL, '2018-06-23 07:06:26', 20),
	(611, 87, 47, 2, 2, NULL, '2018-06-23 07:06:26', 0),
	(612, 85, 46, 2, 0, NULL, '2018-06-23 08:57:38', 0),
	(613, 86, 46, 0, 1, NULL, '2018-06-23 08:57:38', 0),
	(614, 87, 46, 2, 0, NULL, '2018-06-23 08:57:38', 0),
	(615, 85, 75, 1, 0, NULL, '2018-06-23 09:04:33', 0),
	(616, 86, 75, 0, 2, NULL, '2018-06-23 14:55:41', 0),
	(617, 87, 75, 1, 0, NULL, '2018-06-23 14:55:41', 0),
	(618, 85, 71, 2, 0, NULL, '2018-06-23 09:05:23', 0),
	(619, 86, 71, 1, 2, NULL, '2018-06-23 09:05:23', 20),
	(620, 87, 71, 2, 1, NULL, '2018-06-23 09:05:23', 20),
	(621, 85, 162, 3, 0, NULL, '2018-06-23 09:57:16', 0),
	(622, 86, 162, 0, 2, NULL, '2018-06-23 09:57:16', 0),
	(623, 87, 162, 3, 1, NULL, '2018-06-23 09:57:16', 0),
	(624, 85, 77, 3, 1, NULL, '2018-06-23 10:03:26', 0),
	(625, 86, 77, 0, 2, NULL, '2018-06-23 10:03:26', 0),
	(626, 87, 77, 3, 1, NULL, '2018-06-23 18:56:59', 0),
	(627, 85, 87, 1, 0, NULL, '2018-06-23 10:13:25', 0),
	(628, 86, 87, 0, 1, NULL, '2018-06-23 10:13:25', 0),
	(629, 87, 87, 2, 0, NULL, '2018-06-23 10:13:25', 0),
	(630, 85, 76, 2, 0, NULL, '2018-06-23 11:13:18', 0),
	(631, 86, 76, 0, 2, NULL, '2018-06-23 11:13:18', 0),
	(632, 87, 76, 2, 0, NULL, '2018-06-23 11:13:18', 0),
	(633, 85, 121, 2, 0, NULL, '2018-06-23 12:25:40', 0),
	(634, 86, 121, 0, 2, NULL, '2018-06-23 12:25:40', 0),
	(635, 87, 121, 2, 0, NULL, '2018-06-23 12:25:40', 0),
	(636, 85, 66, 2, 0, NULL, '2018-06-23 12:39:29', 0),
	(637, 86, 66, 1, 3, NULL, '2018-06-23 12:39:29', 0),
	(638, 87, 66, 2, 0, NULL, '2018-06-23 12:39:29', 0),
	(639, 85, 96, 1, 0, NULL, '2018-06-23 12:46:57', 0),
	(640, 86, 96, 0, 1, NULL, '2018-06-23 12:46:57', 0),
	(641, 87, 96, 3, 1, NULL, '2018-06-23 17:58:46', 0),
	(642, 85, 110, 2, 1, NULL, '2018-06-23 12:48:08', 0),
	(643, 86, 110, 0, 1, NULL, '2018-06-23 12:48:08', 0),
	(644, 87, 110, 2, 0, NULL, '2018-06-23 12:48:08', 0),
	(645, 85, 128, 3, 1, NULL, '2018-06-23 12:59:33', 0),
	(646, 86, 128, 0, 1, NULL, '2018-06-23 12:59:33', 0),
	(647, 87, 128, 4, 0, NULL, '2018-06-23 12:59:33', 0),
	(648, 86, 151, 1, 2, NULL, '2018-06-23 13:08:50', 20),
	(649, 87, 151, 2, 1, NULL, '2018-06-23 13:08:50', 20),
	(650, 86, 43, 1, 1, NULL, '2018-06-23 13:21:50', 0),
	(651, 87, 43, 1, 0, NULL, '2018-06-23 13:21:50', 0),
	(652, 86, 64, 0, 2, NULL, '2018-06-23 14:16:28', 0),
	(653, 87, 64, 1, 0, NULL, '2018-06-23 14:16:28', 0),
	(654, 86, 115, 1, 1, NULL, '2018-06-23 14:20:21', 0),
	(655, 87, 115, 2, 0, NULL, '2018-06-23 14:20:21', 0),
	(656, 86, 90, 1, 2, NULL, '2018-06-23 14:24:25', 20),
	(657, 87, 90, 3, 0, NULL, '2018-06-23 14:24:25', 0),
	(658, 86, 108, 0, 3, NULL, '2018-06-23 14:27:38', 0),
	(659, 87, 108, 0, 1, NULL, '2018-06-23 14:27:38', 0),
	(660, 86, 113, 1, 1, NULL, '2018-06-23 14:29:45', 0),
	(661, 87, 113, 1, 1, NULL, '2018-06-23 14:29:45', 0),
	(662, 86, 163, 1, 2, NULL, '2018-06-23 14:33:43', 20),
	(663, 87, 163, 2, 0, NULL, '2018-06-23 14:33:43', 0),
	(664, 86, 68, 1, 2, NULL, '2018-06-23 14:35:23', 20),
	(665, 87, 68, 1, 2, NULL, '2018-06-23 14:35:23', 0),
	(666, 86, 104, 0, 1, NULL, '2018-06-23 14:37:14', 0),
	(667, 87, 104, 2, 0, NULL, '2018-06-23 14:37:14', 0),
	(668, 86, 114, 0, 1, NULL, '2018-06-23 14:39:24', 0),
	(669, 87, 114, 1, 0, NULL, '2018-06-23 14:39:24', 0),
	(670, 86, 102, 1, 0, NULL, '2018-06-23 14:42:19', 0),
	(671, 87, 102, 1, 0, NULL, '2018-06-23 14:42:19', 0),
	(672, 86, 103, 1, 1, NULL, '2018-06-23 14:46:17', 0),
	(673, 87, 103, 0, 1, NULL, '2018-06-23 14:46:17', 0),
	(674, 86, 67, 0, 2, NULL, '2018-06-23 14:51:22', 0),
	(675, 87, 67, 1, 1, NULL, '2018-06-23 14:51:22', 0),
	(676, 86, 105, 1, 2, NULL, '2018-06-23 14:53:22', 20),
	(677, 87, 105, 1, 0, NULL, '2018-06-23 14:53:22', 0),
	(678, 86, 116, 1, 1, NULL, '2018-06-23 14:56:04', 0),
	(679, 87, 116, 0, 1, NULL, '2018-06-23 14:56:04', 0),
	(680, 86, 98, 0, 2, NULL, '2018-06-23 15:15:58', 0),
	(681, 87, 98, 2, 1, NULL, '2018-06-23 15:15:58', 20),
	(682, 86, 112, 0, 3, NULL, '2018-06-23 15:19:48', 0),
	(683, 87, 112, 2, 0, NULL, '2018-06-23 15:19:48', 0),
	(684, 86, 127, 1, 2, NULL, '2018-06-23 15:25:02', 20),
	(685, 87, 127, 2, 0, NULL, '2018-06-23 15:25:02', 0),
	(686, 86, 60, 0, 2, NULL, '2018-06-23 15:28:25', 0),
	(687, 87, 60, 2, 1, NULL, '2018-06-23 15:28:25', 20),
	(688, 86, 62, 0, 3, NULL, '2018-06-23 15:37:13', 0),
	(689, 87, 62, 2, 0, NULL, '2018-06-23 15:37:13', 0),
	(690, 87, 154, 3, 0, NULL, '2018-06-23 16:26:52', 0),
	(691, 88, 164, 0, 0, NULL, '2018-06-23 19:32:51', 0),
	(692, 88, 51, 2, 0, NULL, '2018-06-23 21:19:37', 0),
	(693, 89, 51, 0, 3, NULL, '2018-06-23 21:19:37', 0),
	(694, 90, 51, 1, 1, NULL, '2018-06-23 21:19:37', 0),
	(695, 88, 62, 1, 0, NULL, '2018-06-24 12:32:31', 0),
	(696, 89, 62, 0, 1, NULL, '2018-06-24 12:32:31', 0),
	(697, 90, 62, 0, 1, NULL, '2018-06-24 12:32:31', 0),
	(698, 88, 34, 2, 0, NULL, '2018-06-23 21:30:55', 0),
	(699, 89, 34, 1, 1, NULL, '2018-06-23 21:30:55', 0),
	(700, 90, 34, 1, 2, NULL, '2018-06-23 21:30:55', 0),
	(701, 88, 112, 2, 0, NULL, '2018-06-23 21:50:09', 0),
	(702, 89, 112, 0, 1, NULL, '2018-06-23 21:50:09', 0),
	(703, 90, 112, 1, 1, NULL, '2018-06-23 21:50:09', 0),
	(704, 88, 60, 2, 0, NULL, '2018-06-23 21:52:37', 0),
	(705, 89, 60, 1, 0, NULL, '2018-06-23 21:52:37', 0),
	(706, 90, 60, 0, 2, NULL, '2018-06-23 21:52:37', 0),
	(707, 88, 118, 2, 0, NULL, '2018-06-23 21:54:59', 0),
	(708, 89, 118, 1, 2, NULL, '2018-06-23 21:54:59', 0),
	(709, 90, 118, 1, 1, NULL, '2018-06-23 21:54:59', 0),
	(710, 88, 119, 2, 0, NULL, '2018-06-23 22:02:50', 0),
	(711, 89, 119, 1, 1, NULL, '2018-06-23 22:02:50', 0),
	(712, 90, 119, 1, 1, NULL, '2018-06-23 22:02:50', 0),
	(713, 88, 117, 1, 0, NULL, '2018-06-23 22:07:22', 0),
	(714, 89, 117, 1, 2, NULL, '2018-06-23 22:07:22', 0),
	(715, 90, 117, 1, 2, NULL, '2018-06-23 22:07:22', 0),
	(716, 88, 151, 1, 0, NULL, '2018-06-23 23:38:43', 0),
	(717, 89, 151, 1, 1, NULL, '2018-06-23 23:38:43', 0),
	(718, 90, 151, 1, 2, NULL, '2018-06-23 23:38:43', 0),
	(719, 88, 64, 2, 0, NULL, '2018-06-24 06:40:22', 0),
	(720, 89, 64, 1, 2, NULL, '2018-06-24 06:40:22', 0),
	(721, 90, 64, 1, 0, NULL, '2018-06-24 06:40:22', 0),
	(722, 88, 82, 3, 1, NULL, '2018-06-24 08:00:17', 0),
	(723, 89, 82, 1, 2, NULL, '2018-06-24 08:00:17', 0),
	(724, 90, 82, 2, 2, NULL, '2018-06-24 08:00:17', 0),
	(725, 88, 69, 2, 0, NULL, '2018-06-24 08:12:38', 0),
	(726, 89, 69, 1, 1, NULL, '2018-06-24 08:12:38', 0),
	(727, 90, 69, 2, 1, NULL, '2018-06-24 08:12:38', 0),
	(728, 88, 71, 1, 0, NULL, '2018-06-24 08:14:23', 0),
	(729, 89, 71, 1, 2, NULL, '2018-06-24 08:14:23', 0),
	(730, 90, 71, 1, 1, NULL, '2018-06-24 08:14:23', 0),
	(731, 88, 96, 2, 1, NULL, '2018-06-24 08:59:33', 0),
	(732, 89, 96, 2, 1, NULL, '2018-06-24 08:59:33', 0),
	(733, 90, 96, 1, 2, NULL, '2018-06-24 08:59:33', 0),
	(734, 88, 98, 2, 1, NULL, '2018-06-24 09:59:30', 0),
	(735, 89, 98, 0, 1, NULL, '2018-06-24 09:59:30', 0),
	(736, 90, 98, 1, 1, NULL, '2018-06-24 09:59:30', 0),
	(737, 88, 165, 1, 0, NULL, '2018-06-24 10:08:25', 0),
	(738, 89, 165, 0, 1, NULL, '2018-06-24 10:08:25', 0),
	(739, 90, 165, 0, 2, NULL, '2018-06-24 10:08:25', 0),
	(740, 88, 66, 3, 1, NULL, '2018-06-24 10:47:16', 0),
	(741, 89, 66, 0, 1, NULL, '2018-06-24 10:47:16', 0),
	(742, 90, 66, 1, 2, NULL, '2018-06-24 10:47:16', 0),
	(743, 88, 108, 3, 0, NULL, '2018-06-24 11:04:20', 0),
	(744, 89, 108, 0, 1, NULL, '2018-06-24 11:04:20', 0),
	(745, 90, 108, 1, 1, NULL, '2018-06-24 11:04:20', 0),
	(746, 88, 90, 1, 0, NULL, '2018-06-24 11:06:19', 0),
	(747, 89, 90, 1, 2, NULL, '2018-06-24 11:06:19', 0),
	(748, 90, 90, 2, 1, NULL, '2018-06-24 11:06:19', 0),
	(749, 88, 115, 1, 0, NULL, '2018-06-24 11:08:15', 0),
	(750, 89, 115, 0, 1, NULL, '2018-06-24 11:08:15', 0),
	(751, 90, 115, 1, 0, NULL, '2018-06-24 11:08:15', 0),
	(752, 88, 113, 3, 0, NULL, '2018-06-24 11:09:30', 0),
	(753, 89, 113, 2, 1, NULL, '2018-06-24 11:09:30', 0),
	(754, 90, 113, 1, 2, NULL, '2018-06-24 11:09:30', 0),
	(755, 88, 105, 2, 1, NULL, '2018-06-24 11:12:43', 0),
	(756, 89, 105, 0, 1, NULL, '2018-06-24 11:12:43', 0),
	(757, 90, 105, 1, 1, NULL, '2018-06-24 11:12:43', 0),
	(758, 88, 67, 3, 1, NULL, '2018-06-24 11:14:11', 0),
	(759, 89, 67, 0, 2, NULL, '2018-06-24 11:14:11', 0),
	(760, 90, 67, 2, 0, NULL, '2018-06-24 11:14:11', 0),
	(761, 88, 103, 1, 1, NULL, '2018-06-24 11:15:28', 0),
	(762, 89, 103, 1, 0, NULL, '2018-06-24 11:15:28', 0),
	(763, 90, 103, 0, 1, NULL, '2018-06-24 11:15:28', 0),
	(764, 88, 47, 2, 1, NULL, '2018-06-24 11:16:25', 0),
	(765, 89, 47, 1, 2, NULL, '2018-06-24 11:16:25', 0),
	(766, 90, 47, 1, 1, NULL, '2018-06-24 11:16:25', 0),
	(767, 88, 102, 1, 0, NULL, '2018-06-24 11:17:59', 0),
	(768, 89, 102, 0, 2, NULL, '2018-06-24 11:17:59', 0),
	(769, 90, 102, 1, 0, NULL, '2018-06-24 11:17:59', 0),
	(770, 88, 76, 2, 0, NULL, '2018-06-24 11:19:35', 0),
	(771, 89, 76, 0, 2, NULL, '2018-06-24 11:19:35', 0),
	(772, 90, 76, 0, 0, NULL, '2018-06-24 11:19:35', 0),
	(773, 88, 114, 2, 1, NULL, '2018-06-24 11:19:46', 0),
	(774, 89, 114, 1, 2, NULL, '2018-06-24 11:19:46', 0),
	(775, 90, 114, 0, 1, NULL, '2018-06-24 11:19:46', 0),
	(776, 88, 104, 1, 0, NULL, '2018-06-24 11:21:22', 0),
	(777, 89, 104, 0, 1, NULL, '2018-06-24 11:21:22', 0),
	(778, 90, 104, 1, 0, NULL, '2018-06-24 11:21:22', 0),
	(779, 88, 68, 2, 0, NULL, '2018-06-24 11:23:10', 0),
	(780, 89, 68, 1, 1, NULL, '2018-06-24 11:23:10', 0),
	(781, 90, 68, 1, 2, NULL, '2018-06-24 11:23:10', 0),
	(782, 88, 163, 2, 1, NULL, '2018-06-24 11:27:20', 0),
	(783, 89, 163, 1, 2, NULL, '2018-06-24 11:27:20', 0),
	(784, 90, 163, 1, 1, NULL, '2018-06-24 11:27:20', 0),
	(785, 88, 116, 1, 0, NULL, '2018-06-24 11:38:06', 0),
	(786, 89, 116, 1, 0, NULL, '2018-06-24 11:38:06', 0),
	(787, 90, 116, 1, 0, NULL, '2018-06-24 11:38:06', 0),
	(788, 88, 106, 0, 0, NULL, '2018-06-24 11:39:48', 0),
	(789, 89, 106, 1, 1, NULL, '2018-06-24 11:39:48', 0),
	(790, 90, 106, 1, 1, NULL, '2018-06-24 11:39:48', 0),
	(791, 88, 87, 2, 0, NULL, '2018-06-24 12:21:49', 0),
	(792, 89, 87, 1, 2, NULL, '2018-06-24 12:21:49', 0),
	(793, 90, 87, 2, 1, NULL, '2018-06-24 12:21:49', 0),
	(794, 88, 75, 2, 0, NULL, '2018-06-24 12:24:53', 0),
	(795, 89, 75, 1, 1, NULL, '2018-06-24 12:24:53', 0),
	(796, 90, 75, 2, 1, NULL, '2018-06-24 12:24:53', 0),
	(797, 88, 70, 2, 1, NULL, '2018-06-24 12:33:30', 0),
	(798, 89, 70, 1, 1, NULL, '2018-06-24 12:33:30', 0),
	(799, 90, 70, 2, 1, NULL, '2018-06-24 12:33:30', 0),
	(800, 88, 110, 2, 0, NULL, '2018-06-24 12:33:52', 0),
	(801, 89, 110, 0, 1, NULL, '2018-06-24 12:33:52', 0),
	(802, 90, 110, 1, 2, NULL, '2018-06-24 12:33:52', 0),
	(803, 89, 77, 1, 2, NULL, '2018-06-24 13:07:53', 0),
	(804, 90, 77, 2, 1, NULL, '2018-06-24 13:07:53', 0),
	(805, 89, 43, 1, 1, NULL, '2018-06-24 13:09:05', 0),
	(806, 90, 43, 0, 1, NULL, '2018-06-24 13:09:05', 0),
	(807, 89, 46, 0, 2, NULL, '2018-06-24 14:05:10', 0),
	(808, 90, 46, 0, 1, NULL, '2018-06-24 14:05:10', 0),
	(809, 89, 169, 1, 2, NULL, '2018-06-24 15:25:10', 0),
	(810, 90, 169, 1, 1, NULL, '2018-06-24 15:25:10', 0),
	(811, 89, 121, 2, 1, NULL, '2018-06-24 15:33:31', 0),
	(812, 90, 121, 1, 2, NULL, '2018-06-24 15:33:31', 0),
	(813, 89, 170, 0, 2, NULL, '2018-06-24 15:41:17', 0),
	(814, 90, 170, 1, 1, NULL, '2018-06-24 15:41:17', 0),
	(815, 90, 78, 1, 1, NULL, '2018-06-24 16:46:00', 0),
	(816, 90, 88, 1, 2, NULL, '2018-06-24 17:03:38', 0),
	(817, 91, 43, 0, 2, NULL, '2018-06-24 22:12:01', 0),
	(818, 92, 43, 0, 2, NULL, '2018-06-24 22:12:01', 0),
	(819, 93, 43, 0, 3, NULL, '2018-06-24 22:12:01', 0),
	(820, 94, 43, 2, 1, NULL, '2018-06-24 22:12:01', 0),
	(821, 91, 77, 1, 2, NULL, '2018-06-25 12:43:45', 0),
	(822, 92, 77, 1, 2, NULL, '2018-06-25 12:43:45', 0),
	(823, 93, 77, 0, 2, NULL, '2018-06-25 12:43:45', 0),
	(824, 94, 77, 3, 0, NULL, '2018-06-25 12:43:45', 0),
	(825, 91, 151, 2, 1, NULL, '2018-06-24 23:04:04', 20),
	(826, 92, 151, 1, 2, NULL, '2018-06-24 23:04:04', 0),
	(827, 93, 151, 0, 2, NULL, '2018-06-24 23:04:04', 0),
	(828, 94, 151, 3, 2, NULL, '2018-06-24 23:04:04', 0),
	(829, 91, 82, 1, 2, NULL, '2018-06-25 05:09:12', 0),
	(830, 92, 82, 2, 2, NULL, '2018-06-25 05:09:12', 0),
	(831, 93, 82, 1, 3, NULL, '2018-06-25 17:12:02', 0),
	(832, 94, 82, 5, 1, NULL, '2018-06-25 17:12:02', 0),
	(833, 91, 122, 0, 1, NULL, '2018-06-25 06:55:23', 0),
	(834, 92, 122, 2, 0, NULL, '2018-06-25 06:55:23', 0),
	(835, 93, 122, 1, 2, NULL, '2018-06-25 06:55:23', 0),
	(836, 94, 122, 3, 1, NULL, '2018-06-25 06:55:23', 0),
	(837, 91, 47, 2, 1, NULL, '2018-06-25 06:56:59', 20),
	(838, 92, 47, 1, 3, NULL, '2018-06-25 06:56:59', 0),
	(839, 93, 47, 0, 1, NULL, '2018-06-25 06:56:59', 0),
	(840, 94, 47, 1, 1, NULL, '2018-06-25 06:56:59', 0),
	(841, 91, 46, 0, 3, NULL, '2018-06-25 07:04:27', 0),
	(842, 92, 46, 1, 2, NULL, '2018-06-25 07:04:27', 0),
	(843, 93, 46, 0, 3, NULL, '2018-06-25 07:04:27', 0),
	(844, 94, 46, 3, 0, NULL, '2018-06-25 07:04:27', 0),
	(845, 91, 112, 0, 1, NULL, '2018-06-25 07:28:26', 0),
	(846, 92, 112, 1, 0, NULL, '2018-06-25 07:28:26', 0),
	(847, 93, 112, 0, 1, NULL, '2018-06-25 07:28:26', 0),
	(848, 94, 112, 3, 0, NULL, '2018-06-25 07:28:26', 0),
	(849, 91, 88, 1, 2, NULL, '2018-06-25 07:46:19', 0),
	(850, 92, 88, 1, 2, NULL, '2018-06-25 07:46:19', 0),
	(851, 93, 88, 1, 0, NULL, '2018-06-25 07:46:19', 0),
	(852, 94, 88, 3, 0, NULL, '2018-06-25 07:46:19', 0),
	(853, 91, 70, 1, 2, NULL, '2018-06-25 07:53:20', 0),
	(854, 92, 70, 2, 2, NULL, '2018-06-25 07:53:20', 0),
	(855, 93, 70, 0, 2, NULL, '2018-06-25 07:53:20', 0),
	(856, 94, 70, 3, 0, NULL, '2018-06-25 07:53:20', 0),
	(857, 91, 96, 1, 2, NULL, '2018-06-25 08:22:21', 0),
	(858, 92, 96, 1, 0, NULL, '2018-06-25 08:22:21', 0),
	(859, 93, 96, 0, 2, NULL, '2018-06-25 08:22:21', 0),
	(860, 94, 96, 2, 0, NULL, '2018-06-25 08:22:21', 0),
	(861, 91, 75, 1, 1, NULL, '2018-06-25 08:23:56', 0),
	(862, 92, 75, 0, 0, NULL, '2018-06-25 08:23:56', 0),
	(863, 93, 75, 0, 2, NULL, '2018-06-25 08:23:56', 0),
	(864, 94, 75, 2, 0, NULL, '2018-06-25 08:23:56', 0),
	(865, 91, 157, 0, 1, NULL, '2018-06-25 08:39:01', 0),
	(866, 92, 157, 1, 2, NULL, '2018-06-25 08:39:01', 0),
	(867, 93, 157, 2, 1, NULL, '2018-06-25 08:39:01', 0),
	(868, 94, 157, 0, 1, NULL, '2018-06-25 08:39:01', 0),
	(869, 91, 69, 0, 1, NULL, '2018-06-25 09:16:10', 0),
	(870, 92, 69, 1, 2, NULL, '2018-06-25 09:16:10', 0),
	(871, 93, 69, 0, 2, NULL, '2018-06-25 09:16:10', 0),
	(872, 94, 69, 3, 0, NULL, '2018-06-25 09:16:10', 0),
	(873, 91, 87, 0, 1, NULL, '2018-06-25 10:16:44', 0),
	(874, 92, 87, 1, 1, NULL, '2018-06-25 10:16:44', 0),
	(875, 93, 87, 0, 2, NULL, '2018-06-25 10:16:44', 0),
	(876, 94, 87, 2, 0, NULL, '2018-06-25 10:16:44', 0),
	(877, 91, 97, 0, 2, NULL, '2018-06-25 13:13:01', 0),
	(878, 92, 97, 1, 3, NULL, '2018-06-25 13:13:01', 0),
	(879, 93, 97, 0, 3, NULL, '2018-06-25 13:13:01', 0),
	(880, 94, 97, 3, 0, NULL, '2018-06-25 13:13:01', 0),
	(881, 91, 98, 0, 3, NULL, '2018-06-25 11:19:09', 0),
	(882, 92, 98, 1, 2, NULL, '2018-06-25 11:19:09', 0),
	(883, 93, 98, 0, 2, NULL, '2018-06-25 11:19:09', 0),
	(884, 94, 98, 1, 1, NULL, '2018-06-25 11:19:09', 0),
	(885, 91, 76, 0, 2, NULL, '2018-06-25 11:55:56', 0),
	(886, 92, 76, 1, 0, NULL, '2018-06-25 11:55:56', 0),
	(887, 93, 76, 0, 2, NULL, '2018-06-25 11:55:56', 0),
	(888, 94, 76, 2, 0, NULL, '2018-06-25 11:55:56', 0),
	(889, 91, 115, 0, 1, NULL, '2018-06-25 12:12:15', 0),
	(890, 92, 115, 2, 0, NULL, '2018-06-25 12:12:15', 0),
	(891, 93, 115, 0, 2, NULL, '2018-06-25 12:12:15', 0),
	(892, 94, 115, 2, 0, NULL, '2018-06-25 12:12:15', 0),
	(893, 91, 64, 0, 1, NULL, '2018-06-25 12:15:16', 0),
	(894, 92, 64, 1, 0, NULL, '2018-06-25 12:15:16', 0),
	(895, 93, 64, 0, 1, NULL, '2018-06-25 12:15:16', 0),
	(896, 94, 64, 2, 0, NULL, '2018-06-25 12:15:16', 0),
	(897, 91, 90, 1, 1, NULL, '2018-06-25 12:25:05', 0),
	(898, 92, 90, 2, 0, NULL, '2018-06-25 12:25:05', 0),
	(899, 93, 90, 0, 3, NULL, '2018-06-25 12:25:05', 0),
	(900, 94, 90, 3, 0, NULL, '2018-06-25 12:25:05', 0),
	(901, 91, 108, 1, 2, NULL, '2018-06-25 12:30:42', 0),
	(902, 92, 108, 1, 1, NULL, '2018-06-25 12:30:42', 0),
	(903, 93, 108, 1, 2, NULL, '2018-06-25 12:30:42', 0),
	(904, 94, 108, 3, 1, NULL, '2018-06-25 12:30:42', 0),
	(905, 91, 113, 1, 1, NULL, '2018-06-25 12:34:57', 0),
	(906, 92, 113, 2, 1, NULL, '2018-06-25 12:34:57', 0),
	(907, 93, 113, 1, 3, NULL, '2018-06-25 12:34:57', 0),
	(908, 94, 113, 2, 0, NULL, '2018-06-25 12:34:57', 0),
	(909, 91, 116, 0, 1, NULL, '2018-06-25 12:39:00', 0),
	(910, 92, 116, 1, 1, NULL, '2018-06-25 12:39:00', 0),
	(911, 93, 116, 1, 1, NULL, '2018-06-25 12:39:00', 20),
	(912, 94, 116, 2, 1, NULL, '2018-06-25 12:39:00', 0),
	(913, 91, 68, 0, 2, NULL, '2018-06-25 12:49:27', 0),
	(914, 92, 68, 2, 0, NULL, '2018-06-25 12:49:27', 0),
	(915, 93, 68, 0, 2, NULL, '2018-06-25 12:49:27', 0),
	(916, 94, 68, 2, 0, NULL, '2018-06-25 12:49:27', 0),
	(917, 91, 104, 0, 1, NULL, '2018-06-25 12:54:23', 0),
	(918, 92, 104, 1, 0, NULL, '2018-06-25 12:54:23', 0),
	(919, 93, 104, 0, 0, NULL, '2018-06-25 12:54:23', 0),
	(920, 94, 104, 3, 1, NULL, '2018-06-25 12:54:23', 0),
	(921, 91, 62, 0, 3, NULL, '2018-06-25 12:54:46', 0),
	(922, 92, 62, 2, 1, NULL, '2018-06-25 12:54:46', 0),
	(923, 93, 62, 0, 2, NULL, '2018-06-25 12:54:46', 0),
	(924, 94, 62, 2, 0, NULL, '2018-06-25 12:54:46', 0),
	(925, 91, 114, 1, 1, NULL, '2018-06-25 12:57:26', 0),
	(926, 92, 114, 2, 1, NULL, '2018-06-25 12:57:26', 0),
	(927, 93, 114, 0, 3, NULL, '2018-06-25 12:57:26', 0),
	(928, 94, 114, 3, 0, NULL, '2018-06-25 12:57:26', 0),
	(929, 91, 102, 1, 0, NULL, '2018-06-25 12:59:57', 0),
	(930, 92, 102, 3, 1, NULL, '2018-06-25 12:59:57', 0),
	(931, 93, 102, 0, 2, NULL, '2018-06-25 12:59:57', 0),
	(932, 94, 102, 4, 0, NULL, '2018-06-25 12:59:57', 0),
	(933, 91, 103, 0, 2, NULL, '2018-06-25 13:04:38', 0),
	(934, 92, 103, 2, 1, NULL, '2018-06-25 13:04:38', 0),
	(935, 93, 103, 0, 2, NULL, '2018-06-25 13:04:38', 0),
	(936, 94, 103, 4, 0, NULL, '2018-06-25 13:04:38', 0),
	(937, 91, 67, 1, 1, NULL, '2018-06-25 13:14:10', 0),
	(938, 92, 67, 1, 0, NULL, '2018-06-25 13:14:10', 0),
	(939, 93, 67, 0, 1, NULL, '2018-06-25 13:14:10', 0),
	(940, 94, 67, 2, 0, NULL, '2018-06-25 13:14:10', 0),
	(941, 91, 71, 1, 1, NULL, '2018-06-25 13:17:42', 0),
	(942, 92, 71, 1, 2, NULL, '2018-06-25 13:17:42', 0),
	(943, 93, 71, 1, 3, NULL, '2018-06-25 13:17:42', 0),
	(944, 94, 71, 3, 0, NULL, '2018-06-25 13:17:42', 0),
	(945, 91, 105, 0, 1, NULL, '2018-06-25 13:19:42', 0),
	(946, 92, 105, 2, 1, NULL, '2018-06-25 13:19:42', 0),
	(947, 93, 105, 1, 2, NULL, '2018-06-25 13:19:42', 0),
	(948, 94, 105, 2, 0, NULL, '2018-06-25 13:19:42', 0),
	(949, 91, 99, 1, 2, NULL, '2018-06-25 13:52:16', 0),
	(950, 92, 99, 1, 1, NULL, '2018-06-25 13:52:16', 0),
	(951, 93, 99, 0, 2, NULL, '2018-06-25 13:52:16', 0),
	(952, 94, 99, 2, 0, NULL, '2018-06-25 13:52:16', 0),
	(953, 91, 128, 0, 1, NULL, '2018-06-25 14:40:14', 0),
	(954, 92, 128, 2, 2, NULL, '2018-06-25 14:40:14', 0),
	(955, 93, 128, 1, 3, NULL, '2018-06-25 14:40:14', 0),
	(956, 94, 128, 2, 0, NULL, '2018-06-25 14:40:14', 0),
	(957, 91, 110, 1, 1, NULL, '2018-06-25 14:53:11', 0),
	(958, 92, 110, 1, 2, NULL, '2018-06-25 14:53:11', 0),
	(959, 93, 110, 0, 1, NULL, '2018-06-25 14:53:11', 0),
	(960, 94, 110, 2, 0, NULL, '2018-06-25 14:53:11', 0),
	(961, 93, 171, 1, 3, NULL, '2018-06-25 16:57:27', 0),
	(962, 94, 171, 3, 0, NULL, '2018-06-25 16:57:27', 0),
	(963, 93, 60, 0, 2, NULL, '2018-06-25 16:58:47', 0),
	(964, 94, 60, 2, 0, NULL, '2018-06-25 16:58:47', 0),
	(965, 93, 78, 0, 3, NULL, '2018-06-25 18:08:58', 0),
	(966, 94, 78, 4, 0, NULL, '2018-06-25 18:08:58', 0),
	(967, 93, 154, 0, 2, NULL, '2018-06-25 18:44:54', 0),
	(968, 94, 154, 3, 1, NULL, '2018-06-25 18:44:54', 0),
	(969, 95, 82, 1, 2, NULL, '2018-06-26 13:47:02', 0),
	(970, 96, 82, 1, 2, NULL, '2018-06-26 13:47:02', 0),
	(971, 97, 82, 1, 2, NULL, '2018-06-26 13:47:02', 20),
	(972, 98, 82, 1, 2, NULL, '2018-06-26 13:47:02', 20),
	(973, 95, 88, 2, 1, NULL, '2018-06-26 06:39:24', 0),
	(974, 96, 88, 1, 3, NULL, '2018-06-26 06:39:24', 0),
	(975, 97, 88, 0, 3, NULL, '2018-06-26 06:39:24', 0),
	(976, 98, 88, 1, 2, NULL, '2018-06-26 06:39:24', 20),
	(977, 95, 77, 1, 2, NULL, '2018-06-26 07:38:12', 0),
	(978, 96, 77, 0, 2, NULL, '2018-06-26 07:38:12', 0),
	(979, 97, 77, 1, 3, NULL, '2018-06-26 07:38:12', 0),
	(980, 98, 77, 0, 2, NULL, '2018-06-26 07:38:12', 0),
	(981, 95, 173, 0, 1, NULL, '2018-06-26 08:51:58', 0),
	(982, 96, 173, 0, 0, NULL, '2018-06-26 08:51:58', 20),
	(983, 97, 173, 0, 2, NULL, '2018-06-26 08:51:58', 0),
	(984, 98, 173, 0, 1, NULL, '2018-06-26 08:51:58', 0),
	(985, 95, 157, 2, 1, NULL, '2018-06-26 09:08:56', 0),
	(986, 96, 157, 0, 1, NULL, '2018-06-26 09:08:56', 0),
	(987, 97, 157, 1, 2, NULL, '2018-06-26 09:08:56', 20),
	(988, 98, 157, 1, 1, NULL, '2018-06-26 09:08:56', 0),
	(989, 95, 60, 2, 0, NULL, '2018-06-26 10:19:43', 0),
	(990, 96, 60, 0, 1, NULL, '2018-06-26 10:19:43', 0),
	(991, 97, 60, 1, 2, NULL, '2018-06-26 10:19:43', 20),
	(992, 98, 60, 0, 2, NULL, '2018-06-26 10:19:43', 0),
	(993, 95, 66, 2, 1, NULL, '2018-06-26 10:28:04', 0),
	(994, 96, 66, 1, 2, NULL, '2018-06-26 10:28:04', 0),
	(995, 97, 66, 1, 1, NULL, '2018-06-26 10:28:04', 0),
	(996, 98, 66, 0, 1, NULL, '2018-06-26 10:28:04', 0),
	(997, 95, 98, 1, 1, NULL, '2018-06-26 10:54:14', 0),
	(998, 96, 98, 0, 2, NULL, '2018-06-26 10:54:14', 0),
	(999, 97, 98, 1, 2, NULL, '2018-06-26 17:37:51', 20),
	(1000, 98, 98, 0, 2, NULL, '2018-06-26 17:37:51', 0),
	(1001, 95, 64, 0, 1, NULL, '2018-06-26 11:59:47', 0),
	(1002, 96, 64, 0, 1, NULL, '2018-06-26 11:59:47', 0),
	(1003, 97, 64, 1, 1, NULL, '2018-06-26 11:59:47', 0),
	(1004, 98, 64, 1, 0, NULL, '2018-06-26 11:59:47', 0),
	(1005, 95, 113, 1, 1, NULL, '2018-06-26 12:06:01', 0),
	(1006, 96, 113, 1, 1, NULL, '2018-06-26 12:06:01', 0),
	(1007, 97, 113, 1, 1, NULL, '2018-06-26 12:06:01', 0),
	(1008, 98, 113, 1, 1, NULL, '2018-06-26 12:06:01', 0),
	(1009, 95, 108, 1, 0, NULL, '2018-06-26 12:08:04', 0),
	(1010, 96, 108, 1, 0, NULL, '2018-06-26 12:08:04', 0),
	(1011, 97, 108, 1, 0, NULL, '2018-06-26 12:08:04', 0),
	(1012, 98, 108, 1, 0, NULL, '2018-06-26 12:08:04', 0),
	(1013, 95, 90, 1, 2, NULL, '2018-06-26 12:09:32', 0),
	(1014, 96, 90, 0, 1, NULL, '2018-06-26 12:09:32', 0),
	(1015, 97, 90, 0, 1, NULL, '2018-06-26 12:09:32', 0),
	(1016, 98, 90, 1, 0, NULL, '2018-06-26 12:09:32', 0),
	(1017, 95, 115, 0, 1, NULL, '2018-06-26 12:11:29', 0),
	(1018, 96, 115, 1, 1, NULL, '2018-06-26 12:11:29', 0),
	(1019, 97, 115, 1, 2, NULL, '2018-06-26 12:11:29', 20),
	(1020, 98, 115, 1, 2, NULL, '2018-06-26 12:11:29', 20),
	(1021, 95, 105, 0, 2, NULL, '2018-06-26 12:13:47', 20),
	(1022, 96, 105, 0, 1, NULL, '2018-06-26 12:13:47', 0),
	(1023, 97, 105, 0, 2, NULL, '2018-06-26 12:13:47', 0),
	(1024, 98, 105, 0, 2, NULL, '2018-06-26 12:13:47', 0),
	(1025, 95, 67, 1, 2, NULL, '2018-06-26 12:16:06', 0),
	(1026, 96, 67, 1, 2, NULL, '2018-06-26 12:16:06', 0),
	(1027, 97, 67, 2, 1, NULL, '2018-06-26 12:16:06', 0),
	(1028, 98, 67, 0, 1, NULL, '2018-06-26 12:16:06', 0),
	(1029, 95, 103, 2, 1, NULL, '2018-06-26 12:18:10', 0),
	(1030, 96, 103, 0, 1, NULL, '2018-06-26 12:18:10', 0),
	(1031, 97, 103, 1, 1, NULL, '2018-06-26 12:18:10', 0),
	(1032, 98, 103, 0, 0, NULL, '2018-06-26 12:18:10', 0),
	(1033, 95, 46, 3, 2, NULL, '2018-06-26 12:20:07', 0),
	(1034, 96, 46, 1, 3, NULL, '2018-06-26 12:20:07', 0),
	(1035, 97, 46, 2, 2, NULL, '2018-06-26 12:20:07', 0),
	(1036, 98, 46, 0, 4, NULL, '2018-06-26 12:20:07', 0),
	(1037, 95, 102, 0, 1, NULL, '2018-06-26 12:26:32', 0),
	(1038, 96, 102, 1, 2, NULL, '2018-06-26 12:26:32', 0),
	(1039, 97, 102, 2, 2, NULL, '2018-06-26 12:26:32', 0),
	(1040, 98, 102, 2, 1, NULL, '2018-06-26 12:26:32', 0),
	(1041, 95, 114, 1, 0, NULL, '2018-06-26 12:29:20', 0),
	(1042, 96, 114, 1, 0, NULL, '2018-06-26 12:29:20', 0),
	(1043, 97, 114, 1, 3, NULL, '2018-06-26 12:29:20', 0),
	(1044, 98, 114, 0, 1, NULL, '2018-06-26 12:29:20', 0),
	(1045, 95, 104, 1, 1, NULL, '2018-06-26 12:46:16', 0),
	(1046, 96, 104, 0, 1, NULL, '2018-06-26 12:46:16', 0),
	(1047, 97, 104, 1, 1, NULL, '2018-06-26 12:46:16', 0),
	(1048, 98, 104, 1, 0, NULL, '2018-06-26 12:46:16', 0),
	(1049, 95, 68, 1, 0, NULL, '2018-06-26 12:51:13', 0),
	(1050, 96, 68, 1, 2, NULL, '2018-06-26 12:51:13', 0),
	(1051, 97, 68, 0, 2, NULL, '2018-06-26 12:51:13', 0),
	(1052, 98, 68, 0, 1, NULL, '2018-06-26 12:51:13', 0),
	(1053, 95, 116, 0, 1, NULL, '2018-06-26 12:55:20', 0),
	(1054, 96, 116, 0, 1, NULL, '2018-06-26 12:55:20', 0),
	(1055, 97, 116, 0, 1, NULL, '2018-06-26 12:55:20', 0),
	(1056, 98, 116, 0, 1, NULL, '2018-06-26 12:55:20', 0),
	(1057, 95, 69, 1, 2, NULL, '2018-06-26 12:55:22', 0),
	(1058, 96, 69, 1, 1, NULL, '2018-06-26 12:55:22', 0),
	(1059, 97, 69, 1, 1, NULL, '2018-06-26 12:55:22', 0),
	(1060, 98, 69, 1, 2, NULL, '2018-06-26 12:55:22', 20),
	(1061, 95, 75, 1, 1, NULL, '2018-06-26 12:56:29', 0),
	(1062, 96, 75, 1, 2, NULL, '2018-06-26 12:56:29', 0),
	(1063, 97, 75, 2, 1, NULL, '2018-06-26 12:56:29', 0),
	(1064, 98, 75, 1, 2, NULL, '2018-06-26 12:56:29', 20),
	(1065, 95, 163, 1, 0, NULL, '2018-06-26 12:58:46', 0),
	(1066, 96, 163, 1, 2, NULL, '2018-06-26 12:58:46', 0),
	(1067, 97, 163, 1, 0, NULL, '2018-06-26 12:58:46', 0),
	(1068, 98, 163, 1, 0, NULL, '2018-06-26 12:58:46', 0),
	(1069, 95, 71, 1, 1, NULL, '2018-06-26 13:01:13', 0),
	(1070, 96, 71, 0, 1, NULL, '2018-06-26 13:01:13', 0),
	(1071, 97, 71, 0, 1, NULL, '2018-06-26 13:01:13', 0),
	(1072, 98, 71, 1, 1, NULL, '2018-06-26 13:01:13', 0),
	(1073, 95, 76, 0, 0, NULL, '2018-06-26 13:04:51', 0),
	(1074, 96, 76, 0, 2, NULL, '2018-06-26 13:04:51', 0),
	(1075, 97, 76, 2, 1, NULL, '2018-06-26 13:04:51', 0),
	(1076, 98, 76, 0, 3, NULL, '2018-06-26 13:04:51', 0),
	(1077, 95, 70, 2, 1, NULL, '2018-06-26 13:13:30', 0),
	(1078, 96, 70, 2, 2, NULL, '2018-06-26 13:13:30', 0),
	(1079, 97, 70, 2, 2, NULL, '2018-06-26 13:13:30', 0),
	(1080, 98, 70, 1, 1, NULL, '2018-06-26 13:13:30', 0),
	(1081, 95, 62, 2, 0, NULL, '2018-06-26 13:38:17', 0),
	(1082, 96, 62, 1, 2, NULL, '2018-06-26 13:38:17', 0),
	(1083, 97, 62, 0, 2, NULL, '2018-06-26 13:38:17', 0),
	(1084, 98, 62, 1, 2, NULL, '2018-06-26 13:38:17', 20),
	(1085, 95, 34, 0, 2, NULL, '2018-06-26 14:29:59', 20),
	(1086, 96, 34, 1, 1, NULL, '2018-06-26 14:29:59', 0),
	(1087, 97, 34, 1, 1, NULL, '2018-06-26 14:29:59', 0),
	(1088, 98, 34, 1, 3, NULL, '2018-06-26 14:29:59', 0),
	(1089, 95, 96, 3, 1, NULL, '2018-06-26 14:54:06', 0),
	(1090, 96, 96, 1, 2, NULL, '2018-06-26 14:54:06', 0),
	(1091, 97, 96, 1, 3, NULL, '2018-06-26 14:54:06', 0),
	(1092, 98, 96, 1, 2, NULL, '2018-06-26 14:54:06', 20),
	(1093, 95, 110, 2, 1, NULL, '2018-06-26 14:59:18', 0),
	(1094, 96, 110, 2, 1, NULL, '2018-06-26 14:59:18', 0),
	(1095, 97, 110, 1, 3, NULL, '2018-06-26 14:59:18', 0),
	(1096, 98, 110, 1, 2, NULL, '2018-06-26 14:59:18', 20),
	(1097, 97, 99, 1, 2, NULL, '2018-06-26 15:02:58', 20),
	(1098, 98, 99, 2, 2, NULL, '2018-06-26 15:02:58', 0),
	(1099, 97, 47, 1, 2, NULL, '2018-06-26 15:47:03', 20),
	(1100, 98, 47, 1, 0, NULL, '2018-06-26 15:47:03', 0),
	(1101, 97, 78, 0, 3, NULL, '2018-06-26 16:24:01', 0),
	(1102, 98, 78, 0, 1, NULL, '2018-06-26 16:24:01', 0),
	(1103, 97, 87, 2, 1, NULL, '2018-06-26 18:55:57', 0),
	(1104, 98, 87, 0, 2, NULL, '2018-06-26 18:55:57', 0),
	(1105, 99, 77, 1, 0, NULL, '2018-06-26 22:51:18', 0),
	(1106, 100, 77, 0, 3, NULL, '2018-06-26 22:51:18', 0),
	(1107, 101, 77, 1, 1, NULL, '2018-06-27 16:22:24', 0),
	(1108, 102, 77, 0, 2, NULL, '2018-06-27 16:22:24', 20),
	(1109, 99, 88, 1, 1, NULL, '2018-06-26 23:02:23', 0),
	(1110, 100, 88, 0, 3, NULL, '2018-06-26 23:02:23', 0),
	(1111, 101, 88, 2, 0, NULL, '2018-06-26 23:02:23', 0),
	(1112, 102, 88, 0, 2, NULL, '2018-06-26 23:02:23', 20),
	(1113, 99, 43, 0, 1, NULL, '2018-06-27 01:02:30', 0),
	(1114, 100, 43, 1, 3, NULL, '2018-06-27 01:02:30', 0),
	(1115, 101, 43, 2, 1, NULL, '2018-06-27 01:02:30', 0),
	(1116, 102, 43, 0, 2, NULL, '2018-06-27 01:02:30', 20),
	(1117, 99, 64, 1, 1, NULL, '2018-06-27 06:39:29', 0),
	(1118, 100, 64, 0, 2, NULL, '2018-06-27 06:39:29', 0),
	(1119, 101, 64, 1, 0, NULL, '2018-06-27 06:39:29', 0),
	(1120, 102, 64, 0, 2, NULL, '2018-06-27 06:39:29', 20),
	(1121, 99, 90, 2, 0, NULL, '2018-06-27 06:48:29', 0),
	(1122, 100, 90, 0, 1, NULL, '2018-06-27 06:48:29', 0),
	(1123, 101, 90, 1, 1, NULL, '2018-06-27 06:48:29', 0),
	(1124, 102, 90, 0, 3, NULL, '2018-06-27 06:48:29', 0),
	(1125, 99, 116, 2, 1, NULL, '2018-06-27 07:05:17', 0),
	(1126, 100, 116, 0, 2, NULL, '2018-06-27 07:05:17', 0),
	(1127, 101, 116, 2, 0, NULL, '2018-06-27 07:05:17', 0),
	(1128, 102, 116, 1, 3, NULL, '2018-06-27 07:05:17', 0),
	(1129, 99, 163, 1, 0, NULL, '2018-06-27 06:54:29', 0),
	(1130, 100, 163, 0, 2, NULL, '2018-06-27 06:54:29', 0),
	(1131, 101, 163, 2, 1, NULL, '2018-06-27 06:54:29', 0),
	(1132, 102, 163, 1, 2, NULL, '2018-06-27 06:54:29', 0),
	(1133, 99, 115, 1, 1, NULL, '2018-06-27 06:58:52', 0),
	(1134, 100, 115, 0, 1, NULL, '2018-06-27 06:58:52', 0),
	(1135, 101, 115, 1, 0, NULL, '2018-06-27 06:58:52', 0),
	(1136, 102, 115, 0, 2, NULL, '2018-06-27 06:58:52', 20),
	(1137, 99, 69, 2, 1, NULL, '2018-06-27 07:00:14', 0),
	(1138, 100, 69, 0, 2, NULL, '2018-06-27 07:00:14', 0),
	(1139, 101, 69, 2, 0, NULL, '2018-06-27 07:00:14', 0),
	(1140, 102, 69, 0, 2, NULL, '2018-06-27 07:00:14', 20),
	(1141, 99, 71, 1, 1, NULL, '2018-06-27 07:02:23', 0),
	(1142, 100, 71, 1, 2, NULL, '2018-06-27 07:02:23', 0),
	(1143, 101, 71, 2, 1, NULL, '2018-06-27 07:02:23', 0),
	(1144, 102, 71, 0, 2, NULL, '2018-06-27 07:02:23', 20),
	(1145, 99, 106, 2, 0, NULL, '2018-06-27 07:14:16', 0),
	(1146, 100, 106, 0, 2, NULL, '2018-06-27 07:14:16', 0),
	(1147, 101, 106, 1, 0, NULL, '2018-06-27 07:14:16', 0),
	(1148, 102, 106, 0, 3, NULL, '2018-06-27 07:14:16', 0),
	(1149, 99, 68, 1, 1, NULL, '2018-06-27 07:31:45', 0),
	(1150, 100, 68, 0, 1, NULL, '2018-06-27 07:31:45', 0),
	(1151, 101, 68, 2, 1, NULL, '2018-06-27 07:31:45', 0),
	(1152, 102, 68, 0, 2, NULL, '2018-06-27 07:31:45', 20),
	(1153, 99, 103, 2, 0, NULL, '2018-06-27 07:35:36', 0),
	(1154, 100, 103, 1, 2, NULL, '2018-06-27 07:35:36', 0),
	(1155, 101, 103, 2, 1, NULL, '2018-06-27 07:35:36', 0),
	(1156, 102, 103, 1, 3, NULL, '2018-06-27 07:35:36', 0),
	(1157, 99, 104, 0, 1, NULL, '2018-06-27 07:39:03', 0),
	(1158, 100, 104, 0, 1, NULL, '2018-06-27 07:39:03', 0),
	(1159, 101, 104, 0, 1, NULL, '2018-06-27 07:39:03', 0),
	(1160, 102, 104, 0, 2, NULL, '2018-06-27 07:39:03', 20),
	(1161, 99, 175, 1, 1, NULL, '2018-06-27 07:45:05', 0),
	(1162, 100, 175, 0, 2, NULL, '2018-06-27 07:45:05', 0),
	(1163, 101, 175, 1, 0, NULL, '2018-06-27 07:45:05', 0),
	(1164, 102, 175, 0, 1, NULL, '2018-06-27 07:45:05', 0),
	(1165, 99, 105, 1, 0, NULL, '2018-06-27 07:53:35', 0),
	(1166, 100, 105, 0, 2, NULL, '2018-06-27 07:53:35', 0),
	(1167, 101, 105, 1, 0, NULL, '2018-06-27 07:53:35', 0),
	(1168, 102, 105, 0, 2, NULL, '2018-06-27 07:53:35', 20),
	(1169, 99, 114, 2, 1, NULL, '2018-06-27 07:59:14', 0),
	(1170, 100, 114, 0, 2, NULL, '2018-06-27 07:59:14', 0),
	(1171, 101, 114, 1, 1, NULL, '2018-06-27 07:59:14', 0),
	(1172, 102, 114, 0, 2, NULL, '2018-06-27 07:59:14', 20),
	(1173, 99, 102, 1, 0, NULL, '2018-06-27 08:02:06', 0),
	(1174, 100, 102, 0, 1, NULL, '2018-06-27 08:02:06', 0),
	(1175, 101, 102, 0, 1, NULL, '2018-06-27 08:02:06', 0),
	(1176, 102, 102, 0, 3, NULL, '2018-06-27 08:02:06', 0),
	(1177, 99, 82, 2, 1, NULL, '2018-06-27 14:47:11', 0),
	(1178, 100, 82, 1, 3, NULL, '2018-06-27 14:47:11', 0),
	(1179, 101, 82, 2, 1, NULL, '2018-06-27 18:49:36', 0),
	(1180, 102, 82, 1, 2, NULL, '2018-06-27 18:49:36', 0),
	(1181, 99, 34, 1, 0, NULL, '2018-06-27 10:36:44', 0),
	(1182, 100, 34, 0, 3, NULL, '2018-06-27 10:36:44', 0),
	(1183, 101, 34, 2, 1, NULL, '2018-06-27 10:36:44', 0),
	(1184, 102, 34, 1, 1, NULL, '2018-06-27 10:36:44', 0),
	(1185, 99, 78, 0, 1, NULL, '2018-06-27 11:19:21', 0),
	(1186, 100, 78, 0, 3, NULL, '2018-06-27 11:19:21', 0),
	(1187, 101, 78, 1, 0, NULL, '2018-06-27 11:19:21', 0),
	(1188, 102, 78, 1, 0, NULL, '2018-06-27 11:19:21', 0),
	(1189, 99, 87, 1, 1, NULL, '2018-06-27 11:36:30', 0),
	(1190, 100, 87, 0, 2, NULL, '2018-06-27 11:36:30', 0),
	(1191, 101, 87, 2, 1, NULL, '2018-06-27 11:36:30', 0),
	(1192, 102, 87, 0, 2, NULL, '2018-06-27 11:36:30', 20),
	(1193, 99, 176, 1, 0, NULL, '2018-06-27 11:46:41', 0),
	(1194, 100, 176, 1, 3, NULL, '2018-06-27 11:46:41', 0),
	(1195, 101, 176, 2, 1, NULL, '2018-06-27 11:46:41', 0),
	(1196, 102, 176, 1, 3, NULL, '2018-06-27 11:46:41', 0),
	(1197, 99, 174, 1, 1, NULL, '2018-06-27 12:22:35', 0),
	(1198, 100, 174, 0, 2, NULL, '2018-06-27 12:22:35', 0),
	(1199, 101, 174, 1, 0, NULL, '2018-06-27 12:22:35', 0),
	(1200, 102, 174, 0, 2, NULL, '2018-06-27 12:22:35', 20),
	(1201, 99, 98, 2, 2, NULL, '2018-06-27 12:19:29', 0),
	(1202, 100, 98, 1, 2, NULL, '2018-06-27 12:19:29', 0),
	(1203, 101, 98, 2, 0, NULL, '2018-06-27 12:19:29', 0),
	(1204, 102, 98, 0, 3, NULL, '2018-06-27 12:19:29', 0),
	(1205, 99, 75, 2, 1, NULL, '2018-06-27 12:19:48', 0),
	(1206, 100, 75, 0, 2, NULL, '2018-06-27 12:19:48', 0),
	(1207, 101, 75, 2, 1, NULL, '2018-06-27 12:19:48', 0),
	(1208, 102, 75, 0, 2, NULL, '2018-06-27 12:19:48', 20),
	(1209, 99, 46, 3, 1, NULL, '2018-06-27 12:30:29', 0),
	(1210, 100, 46, 0, 3, NULL, '2018-06-27 12:30:29', 0),
	(1211, 101, 46, 0, 2, NULL, '2018-06-27 12:30:29', 0),
	(1212, 102, 46, 0, 4, NULL, '2018-06-27 12:30:29', 0),
	(1213, 99, 60, 2, 1, NULL, '2018-06-27 12:46:02', 0),
	(1214, 100, 60, 0, 2, NULL, '2018-06-27 12:46:02', 0),
	(1215, 101, 60, 2, 0, NULL, '2018-06-27 12:46:02', 0),
	(1216, 102, 60, 0, 2, NULL, '2018-06-27 12:46:02', 20),
	(1217, 99, 62, 2, 0, NULL, '2018-06-27 13:07:32', 0),
	(1218, 100, 62, 0, 3, NULL, '2018-06-27 13:07:32', 0),
	(1219, 101, 62, 1, 0, NULL, '2018-06-27 13:07:32', 0),
	(1220, 102, 62, 0, 2, NULL, '2018-06-27 13:07:32', 20),
	(1221, 99, 172, 1, 1, NULL, '2018-06-27 13:17:18', 0),
	(1222, 100, 172, 0, 1, NULL, '2018-06-27 13:17:18', 0),
	(1223, 101, 172, 1, 0, NULL, '2018-06-27 13:17:18', 0),
	(1224, 102, 172, 0, 2, NULL, '2018-06-27 13:17:18', 20),
	(1225, 99, 76, 2, 0, NULL, '2018-06-27 13:17:02', 0),
	(1226, 100, 76, 0, 2, NULL, '2018-06-27 13:17:02', 0),
	(1227, 101, 76, 2, 0, NULL, '2018-06-27 13:17:02', 0),
	(1228, 102, 76, 0, 2, NULL, '2018-06-27 13:17:02', 20),
	(1229, 99, 151, 2, 0, NULL, '2018-06-27 14:08:45', 0),
	(1230, 100, 151, 1, 2, NULL, '2018-06-27 14:08:45', 0),
	(1231, 101, 151, 3, 2, NULL, '2018-06-27 14:08:45', 0),
	(1232, 102, 151, 1, 3, NULL, '2018-06-27 14:08:45', 0),
	(1233, 99, 110, 1, 1, NULL, '2018-06-27 14:43:22', 0),
	(1234, 100, 110, 0, 2, NULL, '2018-06-27 14:43:22', 0),
	(1235, 101, 110, 2, 0, NULL, '2018-06-27 14:43:22', 0),
	(1236, 102, 110, 0, 2, NULL, '2018-06-27 14:43:22', 20),
	(1237, 99, 70, 2, 1, NULL, '2018-06-27 14:58:04', 0),
	(1238, 100, 70, 1, 3, NULL, '2018-06-27 14:58:04', 0),
	(1239, 101, 70, 2, 2, NULL, '2018-06-27 14:58:04', 20),
	(1240, 102, 70, 1, 2, NULL, '2018-06-27 14:58:04', 0),
	(1241, 101, 35, 2, 0, NULL, '2018-06-27 15:21:45', 0),
	(1242, 102, 35, 0, 3, NULL, '2018-06-27 15:21:45', 0),
	(1243, 101, 112, 2, 0, NULL, '2018-06-27 15:31:33', 0),
	(1244, 102, 112, 1, 2, NULL, '2018-06-27 15:31:33', 0),
	(1245, 101, 99, 1, 0, NULL, '2018-06-27 15:39:26', 0),
	(1246, 102, 99, 0, 2, NULL, '2018-06-27 15:39:26', 20),
	(1247, 101, 157, 2, 1, NULL, '2018-06-27 16:53:25', 0),
	(1248, 102, 157, 2, 1, NULL, '2018-06-27 16:53:25', 0),
	(1249, 101, 100, 2, 0, NULL, '2018-06-27 17:09:05', 0),
	(1250, 102, 100, 1, 3, NULL, '2018-06-27 17:09:05', 0),
	(1251, 101, 178, 2, 1, NULL, '2018-06-27 17:58:42', 0),
	(1252, 102, 178, 0, 2, NULL, '2018-06-27 17:58:42', 20),
	(1253, 101, 96, 1, 1, NULL, '2018-06-27 18:43:38', 0),
	(1254, 102, 96, 1, 2, NULL, '2018-06-27 18:43:38', 0),
	(1255, 103, 172, 2, 2, NULL, '2018-06-28 09:09:47', 0),
	(1256, 104, 172, 1, 0, NULL, '2018-06-28 09:09:47', 0),
	(1257, 105, 172, 1, 1, NULL, '2018-06-28 09:09:47', 0),
	(1258, 106, 172, 0, 0, NULL, '2018-06-28 09:09:47', 0),
	(1259, 103, 88, 1, 1, NULL, '2018-06-28 14:15:22', 0),
	(1260, 104, 88, 1, 1, NULL, '2018-06-28 14:15:22', 0),
	(1261, 105, 88, 1, 1, NULL, '2018-06-28 16:18:32', 0),
	(1262, 106, 88, 0, 1, NULL, '2018-06-28 16:18:32', 0),
	(1263, 103, 76, 2, 1, NULL, '2018-06-28 07:10:03', 0),
	(1264, 104, 76, 2, 0, NULL, '2018-06-28 07:10:03', 0),
	(1265, 105, 76, 0, 0, NULL, '2018-06-28 07:10:03', 0),
	(1266, 106, 76, 0, 2, NULL, '2018-06-28 07:10:03', 0),
	(1267, 103, 184, 1, 0, NULL, '2018-06-28 07:13:53', 0),
	(1268, 104, 184, 0, 2, NULL, '2018-06-28 07:13:53', 0),
	(1269, 105, 184, 2, 2, NULL, '2018-06-28 07:13:53', 0),
	(1270, 106, 184, 1, 1, NULL, '2018-06-28 07:13:53', 0),
	(1271, 103, 183, 0, 0, NULL, '2018-06-28 07:20:38', 0),
	(1272, 104, 183, 2, 0, NULL, '2018-06-28 07:20:38', 0),
	(1273, 105, 183, 2, 0, NULL, '2018-06-28 07:20:38', 0),
	(1274, 106, 183, 1, 2, NULL, '2018-06-28 07:20:38', 20),
	(1275, 103, 96, 1, 2, NULL, '2018-06-28 07:24:55', 0),
	(1276, 104, 96, 2, 1, NULL, '2018-06-28 07:24:55', 0),
	(1277, 105, 96, 2, 2, NULL, '2018-06-28 07:24:55', 0),
	(1278, 106, 96, 1, 0, NULL, '2018-06-28 07:24:55', 0),
	(1279, 103, 69, 0, 2, NULL, '2018-06-28 07:33:16', 0),
	(1280, 104, 69, 1, 1, NULL, '2018-06-28 07:33:16', 0),
	(1281, 105, 69, 2, 1, NULL, '2018-06-28 07:33:16', 0),
	(1282, 106, 69, 1, 2, NULL, '2018-06-28 07:33:16', 20),
	(1283, 103, 77, 2, 1, NULL, '2018-06-28 07:32:29', 0),
	(1284, 104, 77, 1, 1, NULL, '2018-06-28 07:32:29', 0),
	(1285, 105, 77, 2, 1, NULL, '2018-06-28 07:32:29', 0),
	(1286, 106, 77, 1, 2, NULL, '2018-06-28 07:32:29', 20),
	(1287, 103, 71, 0, 2, NULL, '2018-06-28 07:41:56', 0),
	(1288, 104, 71, 2, 1, NULL, '2018-06-28 07:41:56', 0),
	(1289, 105, 71, 1, 1, NULL, '2018-06-28 07:41:56', 0),
	(1290, 106, 71, 1, 1, NULL, '2018-06-28 07:41:56', 0),
	(1291, 103, 157, 2, 0, NULL, '2018-06-28 08:37:09', 0),
	(1292, 104, 157, 1, 0, NULL, '2018-06-28 08:37:09', 0),
	(1293, 105, 157, 2, 1, NULL, '2018-06-28 08:37:09', 0),
	(1294, 106, 157, 0, 1, NULL, '2018-06-28 08:37:09', 0),
	(1295, 103, 175, 1, 0, NULL, '2018-06-28 09:32:52', 0),
	(1296, 104, 175, 1, 2, NULL, '2018-06-28 09:32:52', 0),
	(1297, 105, 175, 1, 2, NULL, '2018-06-28 09:32:52', 0),
	(1298, 106, 175, 1, 1, NULL, '2018-06-28 09:32:52', 0),
	(1299, 103, 112, 1, 2, NULL, '2018-06-28 09:36:15', 0),
	(1300, 104, 112, 1, 1, NULL, '2018-06-28 09:36:15', 0),
	(1301, 105, 112, 1, 2, NULL, '2018-06-28 09:36:15', 0),
	(1302, 106, 112, 1, 2, NULL, '2018-06-28 09:36:15', 20),
	(1303, 103, 174, 0, 1, NULL, '2018-06-28 12:40:33', 20),
	(1304, 104, 174, 1, 1, NULL, '2018-06-28 12:40:33', 0),
	(1305, 105, 174, 1, 1, NULL, '2018-06-28 12:40:33', 0),
	(1306, 106, 174, 1, 2, NULL, '2018-06-28 12:40:33', 20),
	(1307, 103, 87, 2, 1, NULL, '2018-06-28 10:41:46', 0),
	(1308, 104, 87, 1, 1, NULL, '2018-06-28 10:41:46', 0),
	(1309, 105, 87, 1, 1, NULL, '2018-06-28 17:08:44', 0),
	(1310, 106, 87, 0, 3, NULL, '2018-06-28 17:08:44', 0),
	(1311, 103, 75, 0, 2, NULL, '2018-06-28 11:12:02', 0),
	(1312, 104, 75, 1, 0, NULL, '2018-06-28 11:12:02', 0),
	(1313, 105, 75, 2, 1, NULL, '2018-06-28 11:12:02', 0),
	(1314, 106, 75, 1, 1, NULL, '2018-06-28 11:12:02', 0),
	(1315, 103, 70, 0, 2, NULL, '2018-06-28 11:15:44', 0),
	(1316, 104, 70, 2, 1, NULL, '2018-06-28 11:15:44', 0),
	(1317, 105, 70, 3, 1, NULL, '2018-06-28 11:15:44', 0),
	(1318, 106, 70, 1, 2, NULL, '2018-06-28 11:15:44', 20),
	(1319, 103, 98, 1, 1, NULL, '2018-06-28 11:20:57', 0),
	(1320, 104, 98, 2, 1, NULL, '2018-06-28 11:20:57', 0),
	(1321, 105, 98, 0, 1, NULL, '2018-06-28 17:04:52', 20),
	(1322, 106, 98, 0, 1, NULL, '2018-06-28 17:04:52', 0),
	(1323, 103, 99, 1, 1, NULL, '2018-06-28 11:46:57', 0),
	(1324, 104, 99, 2, 0, NULL, '2018-06-28 11:46:57', 0),
	(1325, 105, 99, 1, 1, NULL, '2018-06-28 11:46:57', 0),
	(1326, 106, 99, 0, 2, NULL, '2018-06-28 11:46:57', 0),
	(1327, 103, 151, 2, 1, NULL, '2018-06-28 11:48:27', 0),
	(1328, 104, 151, 2, 3, NULL, '2018-06-28 11:48:27', 0),
	(1329, 105, 151, 2, 1, NULL, '2018-06-28 11:48:27', 0),
	(1330, 106, 151, 1, 1, NULL, '2018-06-28 11:48:27', 0),
	(1331, 103, 82, 2, 2, NULL, '2018-06-28 11:51:33', 0),
	(1332, 104, 82, 1, 2, NULL, '2018-06-28 11:51:33', 0),
	(1333, 105, 82, 2, 2, NULL, '2018-06-28 18:56:35', 0),
	(1334, 106, 82, 1, 2, NULL, '2018-06-28 18:56:35', 20),
	(1335, 103, 43, 0, 1, NULL, '2018-06-28 12:37:22', 20),
	(1336, 104, 43, 2, 0, NULL, '2018-06-28 12:37:22', 0),
	(1337, 105, 43, 1, 0, NULL, '2018-06-28 18:53:35', 0),
	(1338, 106, 43, 0, 1, NULL, '2018-06-28 18:53:35', 0),
	(1339, 103, 47, 1, 2, NULL, '2018-06-28 14:47:41', 0),
	(1340, 104, 47, 1, 0, NULL, '2018-06-28 14:47:41', 0),
	(1341, 105, 47, 2, 1, NULL, '2018-06-28 14:47:41', 0),
	(1342, 106, 47, 3, 1, NULL, '2018-06-28 14:47:41', 0),
	(1343, 103, 60, 0, 0, NULL, '2018-06-28 13:43:34', 0),
	(1344, 104, 60, 1, 0, NULL, '2018-06-28 13:43:34', 0),
	(1345, 105, 60, 2, 0, NULL, '2018-06-28 13:43:34', 0),
	(1346, 106, 60, 0, 2, NULL, '2018-06-28 13:43:34', 0),
	(1347, 103, 62, 1, 0, NULL, '2018-06-28 13:44:22', 0),
	(1348, 104, 62, 2, 0, NULL, '2018-06-28 13:44:22', 0),
	(1349, 105, 62, 2, 0, NULL, '2018-06-28 13:44:22', 0),
	(1350, 106, 62, 0, 1, NULL, '2018-06-28 13:44:22', 0),
	(1351, 103, 64, 1, 1, NULL, '2018-06-28 14:10:17', 0),
	(1352, 104, 64, 1, 1, NULL, '2018-06-28 14:10:17', 0),
	(1353, 105, 64, 1, 2, NULL, '2018-06-28 14:10:17', 0),
	(1354, 106, 64, 1, 1, NULL, '2018-06-28 14:10:17', 0),
	(1355, 103, 106, 0, 2, NULL, '2018-06-28 13:56:34', 0),
	(1356, 104, 106, 1, 1, NULL, '2018-06-28 13:56:34', 0),
	(1357, 105, 106, 0, 2, NULL, '2018-06-28 13:56:34', 0),
	(1358, 106, 106, 1, 0, NULL, '2018-06-28 13:56:34', 0),
	(1359, 103, 90, 1, 0, NULL, '2018-06-28 13:59:22', 0),
	(1360, 104, 90, 0, 2, NULL, '2018-06-28 13:59:22', 0),
	(1361, 105, 90, 0, 1, NULL, '2018-06-28 13:59:22', 20),
	(1362, 106, 90, 0, 0, NULL, '2018-06-28 13:59:22', 0),
	(1363, 103, 68, 0, 1, NULL, '2018-06-28 14:06:07', 20),
	(1364, 104, 68, 1, 0, NULL, '2018-06-28 14:06:07', 0),
	(1365, 105, 68, 0, 1, NULL, '2018-06-28 14:06:07', 20),
	(1366, 106, 68, 0, 1, NULL, '2018-06-28 14:06:07', 0),
	(1367, 103, 115, 0, 1, NULL, '2018-06-28 14:16:27', 20),
	(1368, 104, 115, 1, 2, NULL, '2018-06-28 14:16:27', 0),
	(1369, 105, 115, 0, 2, NULL, '2018-06-28 14:16:27', 0),
	(1370, 106, 115, 0, 1, NULL, '2018-06-28 14:16:27', 0),
	(1371, 103, 113, 2, 1, NULL, '2018-06-28 14:21:20', 0),
	(1372, 104, 113, 0, 2, NULL, '2018-06-28 14:21:20', 0),
	(1373, 105, 113, 2, 1, NULL, '2018-06-28 14:21:20', 0),
	(1374, 106, 113, 0, 1, NULL, '2018-06-28 14:21:20', 0),
	(1375, 103, 108, 1, 1, NULL, '2018-06-28 14:23:39', 0),
	(1376, 104, 108, 1, 2, NULL, '2018-06-28 14:23:39', 0),
	(1377, 105, 108, 0, 2, NULL, '2018-06-28 14:23:39', 0),
	(1378, 106, 108, 1, 0, NULL, '2018-06-28 14:23:39', 0),
	(1379, 103, 163, 1, 0, NULL, '2018-06-28 14:32:37', 0),
	(1380, 104, 163, 0, 2, NULL, '2018-06-28 14:32:37', 0),
	(1381, 105, 163, 2, 1, NULL, '2018-06-28 14:32:37', 0),
	(1382, 106, 163, 1, 0, NULL, '2018-06-28 14:32:37', 0),
	(1383, 103, 67, 0, 2, NULL, '2018-06-28 14:34:26', 0),
	(1384, 104, 67, 0, 1, NULL, '2018-06-28 14:34:26', 20),
	(1385, 105, 67, 2, 2, NULL, '2018-06-28 14:34:26', 0),
	(1386, 106, 67, 1, 2, NULL, '2018-06-28 14:34:26', 20),
	(1387, 103, 105, 1, 1, NULL, '2018-06-28 14:40:30', 0),
	(1388, 104, 105, 0, 1, NULL, '2018-06-28 14:40:30', 20),
	(1389, 105, 105, 1, 1, NULL, '2018-06-28 14:40:30', 0),
	(1390, 106, 105, 0, 2, NULL, '2018-06-28 14:40:30', 0),
	(1391, 103, 114, 2, 1, NULL, '2018-06-28 14:44:51', 0),
	(1392, 104, 114, 1, 2, NULL, '2018-06-28 14:44:51', 0),
	(1393, 105, 114, 1, 1, NULL, '2018-06-28 14:44:51', 0),
	(1394, 106, 114, 0, 1, NULL, '2018-06-28 14:44:51', 0),
	(1395, 103, 104, 1, 1, NULL, '2018-06-28 14:47:30', 0),
	(1396, 104, 104, 2, 1, NULL, '2018-06-28 14:47:30', 0),
	(1397, 105, 104, 1, 1, NULL, '2018-06-28 14:47:30', 0),
	(1398, 106, 104, 1, 2, NULL, '2018-06-28 14:47:30', 20),
	(1399, 103, 116, 1, 3, NULL, '2018-06-28 14:51:13', 0),
	(1400, 104, 116, 0, 0, NULL, '2018-06-28 14:51:13', 0),
	(1401, 105, 116, 1, 3, NULL, '2018-06-28 14:51:13', 0),
	(1402, 106, 116, 1, 0, NULL, '2018-06-28 14:51:13', 0),
	(1403, 103, 103, 0, 2, NULL, '2018-06-28 14:53:50', 0),
	(1404, 104, 103, 0, 2, NULL, '2018-06-28 14:53:50', 0),
	(1405, 105, 103, 0, 1, NULL, '2018-06-28 14:53:50', 20),
	(1406, 106, 103, 0, 2, NULL, '2018-06-28 14:53:50', 0),
	(1407, 103, 110, 1, 2, NULL, '2018-06-28 14:57:30', 0),
	(1408, 104, 110, 1, 1, NULL, '2018-06-28 14:57:30', 0),
	(1409, 105, 110, 2, 2, NULL, '2018-06-28 14:57:30', 0),
	(1410, 106, 110, 1, 2, NULL, '2018-06-28 14:57:30', 20),
	(1411, 105, 46, 2, 1, NULL, '2018-06-28 18:39:36', 0),
	(1412, 106, 46, 0, 1, NULL, '2018-06-28 18:39:36', 0),
	(1413, 107, 105, 2, 1, NULL, '2018-06-29 01:09:08', 0),
	(1414, 108, 105, 1, 1, NULL, '2018-06-29 01:09:08', 0),
	(1415, 107, 76, 1, 0, NULL, '2018-06-29 08:02:32', 0),
	(1416, 108, 76, 0, 1, NULL, '2018-06-29 08:02:32', 0),
	(1417, 107, 183, 1, 0, NULL, '2018-06-29 08:09:32', 0),
	(1418, 108, 183, 1, 2, NULL, '2018-06-29 08:09:32', 0),
	(1419, 107, 87, 1, 0, NULL, '2018-06-29 08:22:52', 0),
	(1420, 108, 87, 1, 2, NULL, '2018-06-29 08:22:52', 0),
	(1421, 107, 69, 1, 2, NULL, '2018-06-29 08:32:18', 0),
	(1422, 108, 69, 0, 1, NULL, '2018-06-29 08:32:18', 0),
	(1423, 107, 71, 0, 1, NULL, '2018-06-29 08:44:37', 0),
	(1424, 108, 71, 2, 1, NULL, '2018-06-29 08:44:37', 40),
	(1425, 107, 68, 2, 1, NULL, '2018-06-29 11:48:42', 0),
	(1426, 108, 68, 1, 2, NULL, '2018-06-29 11:48:42', 0),
	(1427, 107, 62, 2, 1, NULL, '2018-06-29 12:02:04', 0),
	(1428, 108, 62, 0, 1, NULL, '2018-06-29 12:02:04', 0),
	(1429, 107, 151, 2, 2, NULL, '2018-06-29 13:14:32', 0),
	(1430, 108, 151, 2, 3, NULL, '2018-06-29 13:14:32', 0),
	(1431, 107, 112, 1, 1, NULL, '2018-06-29 15:33:17', 0),
	(1432, 108, 112, 1, 1, NULL, '2018-06-29 15:33:17', 0),
	(1433, 107, 47, 0, 1, NULL, '2018-06-29 15:35:11', 0),
	(1434, 108, 47, 1, 1, NULL, '2018-06-29 15:35:11', 0),
	(1435, 107, 82, 1, 1, NULL, '2018-06-30 14:53:29', 0),
	(1436, 108, 82, 2, 1, NULL, '2018-06-30 18:43:47', 40),
	(1437, 107, 172, 1, 1, NULL, '2018-06-30 13:58:19', 0),
	(1438, 108, 172, 2, 1, NULL, '2018-06-30 13:58:19', 40),
	(1439, 107, 43, 1, 1, NULL, '2018-06-29 21:56:57', 0),
	(1440, 108, 43, 1, 0, NULL, '2018-06-29 21:56:57', 0),
	(1441, 107, 46, 2, 2, NULL, '2018-06-30 03:15:20', 0),
	(1442, 108, 46, 2, 2, NULL, '2018-06-30 03:15:20', 0),
	(1443, 107, 77, 2, 1, NULL, '2018-06-30 09:38:39', 0),
	(1444, 108, 77, 1, 2, NULL, '2018-06-30 09:38:39', 0),
	(1445, 107, 174, 1, 0, NULL, '2018-06-30 09:39:37', 0),
	(1446, 108, 174, 0, 0, NULL, '2018-06-30 09:39:37', 0),
	(1447, 107, 88, 0, 2, NULL, '2018-06-30 10:32:52', 0),
	(1448, 108, 88, 2, 0, NULL, '2018-06-30 10:32:52', 0),
	(1449, 107, 75, 1, 0, NULL, '2018-06-30 10:37:26', 0),
	(1450, 108, 75, 1, 2, NULL, '2018-06-30 10:37:26', 0),
	(1451, 107, 70, 1, 1, NULL, '2018-06-30 11:20:19', 0),
	(1452, 108, 70, 0, 1, NULL, '2018-06-30 11:20:19', 0),
	(1453, 107, 115, 1, 1, NULL, '2018-06-30 12:27:29', 0),
	(1454, 108, 115, 1, 1, NULL, '2018-06-30 12:27:29', 0),
	(1455, 107, 34, 1, 2, NULL, '2018-06-30 12:28:15', 0),
	(1456, 108, 34, 0, 1, NULL, '2018-06-30 12:28:15', 0),
	(1457, 107, 188, 2, 1, NULL, '2018-06-30 12:44:20', 0),
	(1458, 108, 188, 1, 3, NULL, '2018-06-30 12:44:20', 0),
	(1459, 107, 60, 2, 1, NULL, '2018-06-30 12:46:21', 0),
	(1460, 108, 60, 1, 2, NULL, '2018-06-30 12:46:21', 0),
	(1461, 107, 90, 0, 1, NULL, '2018-06-30 12:55:56', 0),
	(1462, 108, 90, 1, 0, NULL, '2018-06-30 12:55:56', 0),
	(1463, 107, 106, 0, 1, NULL, '2018-06-30 13:08:46', 0),
	(1464, 108, 106, 0, 1, NULL, '2018-06-30 13:08:46', 0),
	(1465, 107, 175, 0, 1, NULL, '2018-06-30 13:11:31', 0),
	(1466, 108, 175, 2, 0, NULL, '2018-06-30 13:11:31', 0),
	(1467, 107, 98, 1, 2, NULL, '2018-06-30 13:12:53', 0),
	(1468, 108, 98, 0, 2, NULL, '2018-06-30 13:12:53', 0),
	(1469, 107, 103, 2, 1, NULL, '2018-06-30 13:13:32', 0),
	(1470, 108, 103, 1, 1, NULL, '2018-06-30 13:13:32', 0),
	(1471, 107, 163, 2, 0, NULL, '2018-06-30 13:21:20', 0),
	(1472, 108, 163, 2, 0, NULL, '2018-06-30 13:21:20', 0),
	(1473, 107, 104, 1, 1, NULL, '2018-06-30 13:24:13', 0),
	(1474, 108, 104, 1, 1, NULL, '2018-06-30 13:24:13', 0),
	(1475, 107, 114, 1, 0, NULL, '2018-06-30 13:25:07', 0),
	(1476, 108, 114, 1, 2, NULL, '2018-06-30 13:25:07', 0),
	(1477, 107, 102, 2, 0, NULL, '2018-06-30 13:27:00', 0),
	(1478, 108, 102, 0, 2, NULL, '2018-06-30 13:27:00', 0),
	(1479, 107, 189, 1, 2, NULL, '2018-06-30 13:29:27', 0),
	(1480, 108, 189, 2, 1, NULL, '2018-06-30 13:29:27', 40),
	(1481, 107, 96, 2, 1, NULL, '2018-06-30 13:35:42', 0),
	(1482, 108, 96, 1, 2, NULL, '2018-06-30 13:35:42', 0),
	(1483, 107, 116, 2, 1, NULL, '2018-06-30 13:45:23', 0),
	(1484, 108, 116, 3, 1, NULL, '2018-06-30 13:45:23', 0),
	(1485, 107, 85, 1, 1, NULL, '2018-06-30 14:23:28', 0),
	(1486, 108, 85, 1, 2, NULL, '2018-06-30 14:23:28', 0),
	(1487, 107, 110, 1, 2, NULL, '2018-06-30 14:46:50', 0),
	(1488, 108, 110, 1, 0, NULL, '2018-06-30 14:46:50', 0),
	(1489, 108, 121, 2, 0, NULL, '2018-06-30 15:00:00', 0),
	(1490, 109, 189, 2, 1, NULL, '2018-07-01 08:33:05', 0),
	(1491, 110, 189, 2, 1, NULL, '2018-07-01 08:33:05', 0),
	(1492, 109, 112, 1, 0, NULL, '2018-06-30 21:37:49', 0),
	(1493, 110, 112, 2, 1, NULL, '2018-06-30 21:37:49', 0),
	(1494, 109, 151, 3, 0, NULL, '2018-06-30 21:38:13', 0),
	(1495, 110, 151, 2, 1, NULL, '2018-06-30 21:38:13', 0),
	(1496, 109, 70, 3, 1, NULL, '2018-06-30 21:41:24', 0),
	(1497, 110, 70, 2, 0, NULL, '2018-06-30 21:41:24', 0),
	(1498, 109, 75, 2, 0, NULL, '2018-06-30 21:45:52', 0),
	(1499, 110, 75, 2, 0, NULL, '2018-06-30 21:45:52', 0),
	(1500, 109, 64, 2, 1, NULL, '2018-06-30 22:45:43', 0),
	(1501, 110, 64, 2, 0, NULL, '2018-06-30 22:45:43', 0),
	(1502, 109, 77, 3, 0, NULL, '2018-07-01 02:09:23', 0),
	(1503, 110, 77, 1, 0, NULL, '2018-07-01 02:09:23', 0),
	(1504, 109, 174, 3, 1, NULL, '2018-07-01 07:04:58', 0),
	(1505, 110, 174, 2, 0, NULL, '2018-07-01 07:04:58', 0),
	(1506, 109, 34, 3, 1, NULL, '2018-07-01 08:27:58', 0),
	(1507, 110, 34, 2, 1, NULL, '2018-07-01 08:27:58', 0),
	(1508, 109, 76, 1, 2, NULL, '2018-07-01 08:34:18', 0),
	(1509, 110, 76, 3, 0, NULL, '2018-07-01 08:34:18', 0),
	(1510, 109, 88, 3, 0, NULL, '2018-07-01 09:09:29', 0),
	(1511, 110, 88, 2, 1, NULL, '2018-07-01 09:09:29', 0),
	(1512, 109, 178, 2, 0, NULL, '2018-07-01 14:56:34', 0),
	(1513, 110, 178, 2, 1, NULL, '2018-07-01 14:56:34', 0),
	(1514, 109, 69, 2, 0, NULL, '2018-07-01 09:32:04', 0),
	(1515, 110, 69, 3, 1, NULL, '2018-07-01 09:32:04', 0),
	(1516, 109, 71, 2, 0, NULL, '2018-07-01 09:36:46', 0),
	(1517, 110, 71, 2, 1, NULL, '2018-07-01 09:36:46', 0),
	(1518, 109, 190, 2, 3, NULL, '2018-07-01 09:49:46', 0),
	(1519, 110, 190, 1, 2, NULL, '2018-07-01 09:49:46', 0),
	(1520, 109, 46, 3, 2, NULL, '2018-07-01 09:52:30', 0),
	(1521, 110, 46, 1, 1, NULL, '2018-07-01 09:52:30', 40),
	(1522, 109, 82, 2, 1, NULL, '2018-07-01 10:19:19', 0),
	(1523, 110, 82, 3, 1, NULL, '2018-07-01 10:19:19', 0),
	(1524, 109, 98, 1, 2, NULL, '2018-07-01 10:32:20', 0),
	(1525, 110, 98, 3, 1, NULL, '2018-07-01 10:32:20', 0),
	(1526, 109, 95, 2, 1, NULL, '2018-07-01 11:23:01', 0),
	(1527, 110, 95, 2, 0, NULL, '2018-07-01 11:23:01', 0),
	(1528, 109, 183, 1, 2, NULL, '2018-07-01 11:32:22', 0),
	(1529, 110, 183, 2, 0, NULL, '2018-07-01 11:32:22', 0),
	(1530, 109, 110, 2, 1, NULL, '2018-07-01 14:55:26', 0),
	(1531, 110, 110, 2, 0, NULL, '2018-07-01 14:55:26', 0),
	(1532, 109, 68, 2, 0, NULL, '2018-07-01 13:04:26', 0),
	(1533, 110, 68, 1, 0, NULL, '2018-07-01 13:04:26', 0),
	(1534, 109, 105, 2, 1, NULL, '2018-07-01 13:08:36', 0),
	(1535, 110, 105, 2, 1, NULL, '2018-07-01 13:08:36', 0),
	(1536, 109, 115, 1, 0, NULL, '2018-07-01 13:09:53', 0),
	(1537, 110, 115, 2, 0, NULL, '2018-07-01 13:09:53', 0),
	(1538, 109, 106, 1, 2, NULL, '2018-07-01 13:11:00', 0),
	(1539, 110, 106, 1, 1, NULL, '2018-07-01 13:11:00', 40),
	(1540, 109, 175, 3, 1, NULL, '2018-07-01 13:14:31', 0),
	(1541, 110, 175, 1, 0, NULL, '2018-07-01 13:14:31', 0),
	(1542, 109, 103, 1, 1, NULL, '2018-07-01 13:17:07', 40),
	(1543, 110, 103, 2, 1, NULL, '2018-07-01 13:17:07', 0),
	(1544, 109, 163, 2, 0, NULL, '2018-07-01 13:19:33', 0),
	(1545, 110, 163, 2, 1, NULL, '2018-07-01 13:19:33', 0),
	(1546, 109, 104, 1, 1, NULL, '2018-07-01 13:21:10', 40),
	(1547, 110, 104, 1, 1, NULL, '2018-07-01 13:21:10', 40),
	(1548, 109, 114, 3, 0, NULL, '2018-07-01 13:22:40', 0),
	(1549, 110, 114, 2, 0, NULL, '2018-07-01 13:22:40', 0),
	(1550, 109, 102, 1, 0, NULL, '2018-07-01 13:24:10', 0),
	(1551, 110, 102, 3, 1, NULL, '2018-07-01 13:24:10', 0),
	(1552, 109, 90, 2, 2, NULL, '2018-07-01 13:26:49', 0),
	(1553, 110, 90, 2, 1, NULL, '2018-07-01 13:26:49', 0),
	(1554, 109, 67, 0, 1, NULL, '2018-07-01 13:34:22', 0),
	(1555, 110, 67, 2, 1, NULL, '2018-07-01 13:34:22', 0),
	(1556, 109, 108, 1, 0, NULL, '2018-07-01 13:37:06', 0),
	(1557, 110, 108, 1, 0, NULL, '2018-07-01 13:37:06', 0),
	(1558, 109, 172, 3, 2, NULL, '2018-07-01 13:44:13', 0),
	(1559, 110, 172, 2, 1, NULL, '2018-07-01 13:44:13', 0),
	(1560, 109, 87, 2, 1, NULL, '2018-07-01 13:44:33', 0),
	(1561, 110, 87, 2, 0, NULL, '2018-07-01 13:44:33', 0),
	(1562, 109, 43, 1, 2, NULL, '2018-07-01 14:07:11', 0),
	(1563, 110, 43, 2, 0, NULL, '2018-07-01 14:07:11', 0),
	(1564, 109, 47, 1, 3, NULL, '2018-07-01 14:22:02', 0),
	(1565, 110, 47, 3, 2, NULL, '2018-07-01 14:22:02', 0),
	(1566, 110, 62, 0, 1, NULL, '2018-07-01 15:04:46', 0),
	(1567, 110, 96, 2, 1, NULL, '2018-07-01 17:00:51', 0),
	(1568, 110, 191, 2, 1, NULL, '2018-07-01 17:21:15', 0),
	(1569, 111, 113, 1, 2, NULL, '2018-07-01 22:10:47', 0),
	(1570, 112, 113, 1, 1, NULL, '2018-07-01 22:10:47', 0),
	(1571, 111, 87, 2, 1, NULL, '2018-07-01 22:36:46', 0),
	(1572, 112, 87, 2, 1, NULL, '2018-07-01 22:36:46', 0),
	(1573, 111, 88, 2, 0, NULL, '2018-07-01 23:10:36', 40),
	(1574, 112, 88, 2, 0, NULL, '2018-07-01 23:10:36', 0),
	(1575, 111, 64, 2, 1, NULL, '2018-07-02 01:00:17', 0),
	(1576, 112, 64, 2, 0, NULL, '2018-07-02 01:00:17', 0),
	(1577, 111, 189, 2, 0, NULL, '2018-07-02 02:31:02', 40),
	(1578, 112, 189, 4, 0, NULL, '2018-07-02 16:54:37', 0),
	(1579, 111, 174, 2, 0, NULL, '2018-07-02 07:05:12', 40),
	(1580, 112, 174, 2, 0, NULL, '2018-07-02 07:05:12', 0),
	(1581, 111, 82, 3, 1, NULL, '2018-07-02 14:49:25', 0),
	(1582, 112, 82, 3, 1, NULL, '2018-07-02 18:53:47', 0),
	(1583, 111, 183, 2, 1, NULL, '2018-07-02 07:38:41', 0),
	(1584, 112, 183, 1, 1, NULL, '2018-07-02 07:38:41', 0),
	(1585, 111, 104, 1, 0, NULL, '2018-07-02 08:16:57', 0),
	(1586, 112, 104, 1, 0, NULL, '2018-07-02 08:16:57', 0),
	(1587, 111, 68, 1, 1, NULL, '2018-07-02 08:21:01', 0),
	(1588, 112, 68, 1, 0, NULL, '2018-07-02 08:21:01', 0),
	(1589, 111, 112, 1, 1, NULL, '2018-07-02 08:25:40', 0),
	(1590, 112, 112, 1, 0, NULL, '2018-07-02 08:25:40', 0),
	(1591, 111, 114, 0, 1, NULL, '2018-07-02 08:25:43', 0),
	(1592, 112, 114, 0, 1, NULL, '2018-07-02 08:25:43', 0),
	(1593, 111, 119, 1, 0, NULL, '2018-07-02 08:27:32', 0),
	(1594, 112, 119, 1, 0, NULL, '2018-07-02 08:27:32', 0),
	(1595, 111, 115, 1, 0, NULL, '2018-07-02 08:29:14', 0),
	(1596, 112, 115, 1, 0, NULL, '2018-07-02 08:29:14', 0),
	(1597, 111, 103, 1, 2, NULL, '2018-07-02 08:31:26', 0),
	(1598, 112, 103, 2, 1, NULL, '2018-07-02 08:31:26', 0),
	(1599, 111, 105, 0, 1, NULL, '2018-07-02 08:34:17', 0),
	(1600, 112, 105, 2, 0, NULL, '2018-07-02 08:34:17', 0),
	(1601, 111, 90, 1, 1, NULL, '2018-07-02 08:38:19', 0),
	(1602, 112, 90, 2, 1, NULL, '2018-07-02 08:38:19', 0),
	(1603, 111, 118, 1, 0, NULL, '2018-07-02 08:42:29', 0),
	(1604, 112, 118, 2, 1, NULL, '2018-07-02 08:42:29', 0),
	(1605, 111, 163, 1, 0, NULL, '2018-07-02 08:44:20', 0),
	(1606, 112, 163, 2, 0, NULL, '2018-07-02 08:44:20', 0),
	(1607, 111, 106, 1, 2, NULL, '2018-07-02 08:50:10', 0),
	(1608, 112, 106, 3, 1, NULL, '2018-07-02 08:50:10', 0),
	(1609, 111, 192, 2, 1, NULL, '2018-07-02 09:04:30', 0),
	(1610, 112, 192, 1, 0, NULL, '2018-07-02 09:04:30', 0),
	(1611, 111, 116, 2, 2, NULL, '2018-07-02 09:04:47', 0),
	(1612, 112, 116, 2, 0, NULL, '2018-07-02 09:04:47', 0),
	(1613, 111, 175, 2, 1, NULL, '2018-07-02 09:11:29', 0),
	(1614, 112, 175, 1, 0, NULL, '2018-07-02 09:11:29', 0),
	(1615, 111, 108, 2, 1, NULL, '2018-07-02 09:12:49', 0),
	(1616, 112, 108, 2, 0, NULL, '2018-07-02 09:12:49', 0),
	(1617, 111, 60, 2, 0, NULL, '2018-07-02 09:23:02', 40),
	(1618, 112, 60, 2, 0, NULL, '2018-07-02 17:12:18', 0),
	(1619, 111, 78, 3, 1, NULL, '2018-07-02 09:26:59', 0),
	(1620, 112, 78, 4, 0, NULL, '2018-07-02 09:26:59', 0),
	(1621, 111, 98, 1, 0, NULL, '2018-07-02 09:53:21', 0),
	(1622, 112, 98, 3, 1, NULL, '2018-07-02 17:53:21', 0),
	(1623, 111, 43, 2, 0, NULL, '2018-07-02 09:56:05', 40),
	(1624, 112, 43, 1, 0, NULL, '2018-07-02 09:56:05', 0),
	(1625, 111, 46, 3, 2, NULL, '2018-07-02 10:18:02', 0),
	(1626, 112, 46, 1, 2, NULL, '2018-07-02 10:18:02', 0),
	(1627, 111, 71, 2, 1, NULL, '2018-07-02 11:23:01', 0),
	(1628, 112, 71, 2, 1, NULL, '2018-07-02 11:23:01', 0),
	(1629, 111, 96, 2, 1, NULL, '2018-07-02 11:27:01', 0),
	(1630, 112, 96, 2, 0, NULL, '2018-07-02 11:27:01', 0),
	(1631, 111, 77, 2, 1, NULL, '2018-07-02 11:34:56', 0),
	(1632, 112, 77, 3, 0, NULL, '2018-07-02 11:34:56', 0),
	(1633, 111, 69, 1, 1, NULL, '2018-07-02 11:49:04', 0),
	(1634, 112, 69, 1, 0, NULL, '2018-07-02 11:49:04', 0),
	(1635, 111, 75, 1, 1, NULL, '2018-07-02 11:52:32', 0),
	(1636, 112, 75, 2, 0, NULL, '2018-07-02 11:52:32', 0),
	(1637, 111, 34, 1, 2, NULL, '2018-07-02 13:28:59', 0),
	(1638, 112, 34, 1, 1, NULL, '2018-07-02 13:28:59', 0),
	(1639, 111, 62, 2, 0, NULL, '2018-07-02 13:40:39', 40),
	(1640, 112, 62, 1, 0, NULL, '2018-07-02 13:40:39', 0),
	(1641, 111, 184, 1, 2, NULL, '2018-07-02 14:51:48', 0),
	(1642, 112, 184, 2, 0, NULL, '2018-07-02 14:51:48', 0),
	(1643, 111, 110, 2, 1, NULL, '2018-07-02 14:55:38', 0),
	(1644, 112, 110, 2, 0, NULL, '2018-07-02 14:55:38', 0),
	(1645, 112, 178, 2, 1, NULL, '2018-07-02 15:57:36', 0),
	(1646, 112, 51, 2, 0, NULL, '2018-07-02 16:50:09', 0),
	(1647, 112, 194, 2, 2, NULL, '2018-07-02 17:11:45', 0),
	(1648, 113, 77, 1, 1, NULL, '2018-07-02 23:41:11', 0),
	(1649, 114, 77, 0, 2, NULL, '2018-07-02 23:41:11', 0),
	(1650, 113, 174, 1, 1, NULL, '2018-07-03 13:10:07', 0),
	(1651, 114, 174, 0, 1, NULL, '2018-07-03 13:10:07', 0),
	(1652, 113, 189, 2, 1, NULL, '2018-07-03 13:14:21', 0),
	(1653, 114, 189, 1, 2, NULL, '2018-07-03 13:14:21', 0),
	(1654, 113, 112, 1, 1, NULL, '2018-07-03 07:58:04', 0),
	(1655, 114, 112, 1, 1, NULL, '2018-07-03 07:58:04', 40),
	(1656, 113, 194, 1, 1, NULL, '2018-07-03 08:10:00', 0),
	(1657, 114, 194, 2, 2, NULL, '2018-07-03 08:10:00', 0),
	(1658, 113, 96, 2, 1, NULL, '2018-07-03 08:11:02', 0),
	(1659, 114, 96, 1, 2, NULL, '2018-07-03 08:11:02', 0),
	(1660, 113, 69, 2, 2, NULL, '2018-07-03 08:12:06', 0),
	(1661, 114, 69, 1, 2, NULL, '2018-07-03 08:12:06', 0),
	(1662, 113, 118, 0, 1, NULL, '2018-07-03 08:15:51', 0),
	(1663, 114, 118, 1, 1, NULL, '2018-07-03 08:15:51', 40),
	(1664, 113, 75, 1, 0, NULL, '2018-07-03 08:18:11', 40),
	(1665, 114, 75, 1, 2, NULL, '2018-07-03 08:18:11', 0),
	(1666, 113, 119, 1, 1, NULL, '2018-07-03 08:19:31', 0),
	(1667, 114, 119, 2, 1, NULL, '2018-07-03 08:19:31', 0),
	(1668, 113, 82, 2, 1, NULL, '2018-07-03 14:54:08', 0),
	(1669, 114, 82, 1, 2, NULL, '2018-07-03 18:56:12', 0),
	(1670, 113, 76, 0, 0, NULL, '2018-07-03 10:00:55', 0),
	(1671, 114, 76, 1, 2, NULL, '2018-07-03 10:00:55', 0),
	(1672, 113, 183, 1, 2, NULL, '2018-07-03 10:16:50', 0),
	(1673, 114, 183, 2, 1, NULL, '2018-07-03 10:16:50', 0),
	(1674, 113, 98, 2, 1, NULL, '2018-07-03 11:56:18', 0),
	(1675, 114, 98, 1, 1, NULL, '2018-07-03 17:19:44', 40),
	(1676, 113, 35, 1, 1, NULL, '2018-07-03 12:19:04', 0),
	(1677, 114, 35, 2, 3, NULL, '2018-07-03 12:19:04', 0),
	(1678, 113, 46, 1, 2, NULL, '2018-07-03 11:32:53', 0),
	(1679, 114, 46, 2, 1, NULL, '2018-07-03 11:32:53', 0),
	(1680, 113, 115, 1, 1, NULL, '2018-07-03 11:42:52', 0),
	(1681, 114, 115, 2, 1, NULL, '2018-07-03 11:42:52', 0),
	(1682, 113, 47, 2, 1, NULL, '2018-07-03 11:51:03', 0),
	(1683, 114, 47, 0, 2, NULL, '2018-07-03 11:51:03', 0),
	(1684, 113, 90, 2, 1, NULL, '2018-07-03 11:52:05', 0),
	(1685, 114, 90, 2, 1, NULL, '2018-07-03 11:52:05', 0),
	(1686, 113, 106, 1, 0, NULL, '2018-07-03 12:18:11', 40),
	(1687, 114, 106, 1, 1, NULL, '2018-07-03 12:18:11', 40),
	(1688, 113, 70, 1, 1, NULL, '2018-07-03 12:23:36', 0),
	(1689, 114, 70, 1, 2, NULL, '2018-07-03 12:23:36', 0),
	(1690, 113, 102, 2, 1, NULL, '2018-07-03 12:39:37', 0),
	(1691, 114, 102, 1, 0, NULL, '2018-07-03 12:39:37', 0),
	(1692, 113, 71, 1, 2, NULL, '2018-07-03 12:44:05', 0),
	(1693, 114, 71, 1, 2, NULL, '2018-07-03 12:44:05', 0),
	(1694, 113, 116, 1, 0, NULL, '2018-07-03 12:47:25', 40),
	(1695, 114, 116, 2, 1, NULL, '2018-07-03 12:47:25', 0),
	(1696, 113, 105, 1, 1, NULL, '2018-07-03 12:49:24', 0),
	(1697, 114, 105, 1, 1, NULL, '2018-07-03 12:49:24', 40),
	(1698, 113, 113, 0, 1, NULL, '2018-07-03 12:51:27', 0),
	(1699, 114, 113, 1, 2, NULL, '2018-07-03 12:51:27', 0),
	(1700, 113, 34, 1, 1, NULL, '2018-07-03 12:54:00', 0),
	(1701, 114, 34, 2, 1, NULL, '2018-07-03 12:54:00', 0),
	(1702, 113, 60, 1, 2, NULL, '2018-07-03 14:58:53', 0),
	(1703, 114, 60, 0, 1, NULL, '2018-07-03 14:58:53', 0),
	(1704, 113, 108, 1, 0, NULL, '2018-07-03 12:57:55', 40),
	(1705, 114, 108, 1, 0, NULL, '2018-07-03 12:57:55', 0),
	(1706, 113, 175, 2, 1, NULL, '2018-07-03 13:00:08', 0),
	(1707, 114, 175, 0, 1, NULL, '2018-07-03 13:00:08', 0),
	(1708, 113, 190, 2, 0, NULL, '2018-07-03 13:02:45', 0),
	(1709, 114, 190, 3, 1, NULL, '2018-07-03 13:02:45', 0),
	(1710, 113, 100, 1, 1, NULL, '2018-07-03 13:07:19', 0),
	(1711, 114, 100, 1, 2, NULL, '2018-07-03 13:07:19', 0),
	(1712, 113, 103, 1, 0, NULL, '2018-07-03 13:07:35', 40),
	(1713, 114, 103, 1, 0, NULL, '2018-07-03 13:07:35', 0),
	(1714, 113, 114, 0, 1, NULL, '2018-07-03 13:13:58', 0),
	(1715, 114, 114, 1, 1, NULL, '2018-07-03 13:13:58', 40),
	(1716, 113, 104, 0, 1, NULL, '2018-07-03 13:18:52', 0),
	(1717, 114, 104, 2, 0, NULL, '2018-07-03 13:18:52', 0),
	(1718, 113, 127, 1, 2, NULL, '2018-07-03 13:36:36', 0),
	(1719, 114, 127, 2, 1, NULL, '2018-07-03 13:36:36', 0),
	(1720, 113, 88, 1, 1, NULL, '2018-07-03 14:36:13', 0),
	(1721, 114, 88, 1, 2, NULL, '2018-07-03 14:36:13', 0),
	(1722, 113, 62, 0, 1, NULL, '2018-07-03 14:14:48', 0),
	(1723, 114, 62, 1, 2, NULL, '2018-07-03 14:14:48', 0),
	(1724, 113, 172, 1, 1, NULL, '2018-07-03 14:17:58', 0),
	(1725, 114, 172, 2, 3, NULL, '2018-07-03 14:17:58', 0),
	(1726, 113, 110, 1, 0, NULL, '2018-07-03 14:54:19', 40),
	(1727, 114, 110, 1, 2, NULL, '2018-07-03 18:08:15', 0),
	(1728, 114, 43, 1, 2, NULL, '2018-07-03 15:48:02', 0),
	(1729, 114, 196, 1, 2, NULL, '2018-07-03 16:09:26', 0),
	(1730, 114, 99, 1, 2, NULL, '2018-07-03 16:10:12', 0),
	(1731, 114, 157, 1, 2, NULL, '2018-07-03 16:14:41', 0),
	(1732, 114, 151, 2, 3, NULL, '2018-07-03 16:50:53', 0),
	(1733, 115, 43, 1, 1, NULL, '2018-07-03 22:22:18', 0),
	(1734, 116, 43, 1, 0, NULL, '2018-07-03 22:22:18', 0),
	(1735, 115, 64, 1, 1, NULL, '2018-07-03 22:44:24', 0),
	(1736, 116, 64, 1, 2, NULL, '2018-07-06 15:45:07', 40),
	(1737, 115, 88, 1, 2, NULL, '2018-07-03 23:07:09', 0),
	(1738, 116, 88, 1, 0, NULL, '2018-07-03 23:07:09', 0),
	(1739, 115, 96, 2, 2, NULL, '2018-07-04 07:59:36', 0),
	(1740, 116, 96, 1, 1, NULL, '2018-07-04 07:59:36', 0),
	(1741, 115, 70, 1, 2, NULL, '2018-07-04 08:34:58', 0),
	(1742, 116, 70, 1, 1, NULL, '2018-07-04 08:34:58', 0),
	(1743, 115, 75, 1, 1, NULL, '2018-07-04 08:44:35', 0),
	(1744, 116, 75, 2, 1, NULL, '2018-07-04 08:44:35', 0),
	(1745, 115, 69, 1, 2, NULL, '2018-07-06 09:23:42', 0),
	(1746, 116, 69, 2, 1, NULL, '2018-07-06 09:23:42', 0),
	(1747, 115, 71, 1, 2, NULL, '2018-07-04 08:59:06', 0),
	(1748, 116, 71, 2, 1, NULL, '2018-07-04 08:59:06', 0),
	(1749, 115, 151, 2, 3, NULL, '2018-07-04 12:16:23', 0),
	(1750, 116, 151, 4, 2, NULL, '2018-07-04 12:16:23', 0),
	(1751, 115, 189, 1, 1, NULL, '2018-07-05 06:34:38', 0),
	(1752, 116, 189, 2, 1, NULL, '2018-07-05 06:34:38', 0),
	(1753, 115, 172, 1, 1, NULL, '2018-07-04 14:36:05', 0),
	(1754, 116, 172, 2, 2, NULL, '2018-07-04 14:36:05', 0),
	(1755, 115, 87, 1, 2, NULL, '2018-07-04 18:11:30', 0),
	(1756, 116, 87, 2, 0, NULL, '2018-07-04 18:11:30', 0),
	(1757, 115, 118, 1, 1, NULL, '2018-07-05 07:48:57', 0),
	(1758, 116, 118, 2, 1, NULL, '2018-07-05 07:48:57', 0),
	(1759, 115, 76, 0, 3, NULL, '2018-07-05 08:54:26', 0),
	(1760, 116, 76, 2, 1, NULL, '2018-07-05 08:54:26', 0),
	(1761, 115, 178, 2, 1, NULL, '2018-07-05 11:40:14', 0),
	(1762, 116, 178, 2, 3, NULL, '2018-07-05 11:40:14', 0),
	(1763, 115, 98, 0, 1, NULL, '2018-07-05 12:49:45', 0),
	(1764, 116, 98, 1, 0, NULL, '2018-07-05 12:49:45', 0),
	(1765, 115, 82, 1, 1, NULL, '2018-07-05 13:21:53', 0),
	(1766, 116, 82, 2, 1, NULL, '2018-07-06 18:19:20', 0),
	(1767, 115, 198, 1, 2, NULL, '2018-07-05 16:32:57', 0),
	(1768, 116, 198, 3, 1, NULL, '2018-07-05 16:32:57', 0),
	(1769, 115, 127, 0, 2, NULL, '2018-07-06 10:15:26', 40),
	(1770, 116, 127, 3, 0, NULL, '2018-07-06 10:15:26', 0),
	(1771, 115, 174, 0, 1, NULL, '2018-07-06 06:19:43', 0),
	(1772, 116, 174, 2, 1, NULL, '2018-07-06 06:19:43', 0),
	(1773, 115, 34, 1, 0, NULL, '2018-07-06 10:18:36', 0),
	(1774, 116, 34, 2, 1, NULL, '2018-07-06 10:18:36', 0),
	(1775, 115, 100, 1, 1, NULL, '2018-07-06 10:36:53', 0),
	(1776, 116, 100, 1, 0, NULL, '2018-07-06 10:36:53', 0),
	(1777, 115, 190, 1, 2, NULL, '2018-07-06 11:44:01', 0),
	(1778, 116, 190, 1, 0, NULL, '2018-07-06 11:44:01', 0),
	(1779, 115, 62, 0, 2, NULL, '2018-07-06 12:19:31', 40),
	(1780, 116, 62, 2, 0, NULL, '2018-07-06 12:19:31', 0),
	(1781, 115, 99, 0, 1, NULL, '2018-07-06 13:15:44', 0),
	(1782, 116, 99, 2, 1, NULL, '2018-07-06 13:15:44', 0),
	(1783, 115, 60, 1, 3, NULL, '2018-07-06 13:23:02', 0),
	(1784, 116, 60, 2, 1, NULL, '2018-07-06 17:59:40', 0),
	(1785, 115, 112, 2, 1, NULL, '2018-07-06 14:05:32', 0),
	(1786, 116, 112, 1, 1, NULL, '2018-07-06 14:05:32', 0),
	(1787, 115, 104, 1, 1, NULL, '2018-07-06 14:19:01', 0),
	(1788, 116, 104, 1, 0, NULL, '2018-07-06 14:19:01', 0),
	(1789, 115, 105, 0, 1, NULL, '2018-07-06 14:22:48', 0),
	(1790, 116, 105, 1, 1, NULL, '2018-07-06 14:22:48', 0),
	(1791, 115, 119, 1, 1, NULL, '2018-07-06 14:23:56', 0),
	(1792, 116, 119, 1, 1, NULL, '2018-07-06 14:23:56', 0),
	(1793, 115, 106, 1, 1, NULL, '2018-07-06 14:25:08', 0),
	(1794, 116, 106, 0, 2, NULL, '2018-07-06 14:25:08', 0),
	(1795, 115, 77, 0, 2, NULL, '2018-07-06 14:25:46', 40),
	(1796, 116, 77, 3, 2, NULL, '2018-07-06 14:25:46', 0),
	(1797, 115, 146, 0, 1, NULL, '2018-07-06 14:30:47', 0),
	(1798, 116, 146, 2, 1, NULL, '2018-07-06 14:30:47', 0),
	(1799, 115, 68, 1, 2, NULL, '2018-07-06 14:31:04', 0),
	(1800, 116, 68, 1, 0, NULL, '2018-07-06 14:31:04', 0),
	(1801, 115, 103, 0, 1, NULL, '2018-07-06 14:34:32', 0),
	(1802, 116, 103, 2, 1, NULL, '2018-07-06 14:34:32', 0),
	(1803, 115, 115, 1, 0, NULL, '2018-07-06 14:36:39', 0),
	(1804, 116, 115, 2, 0, NULL, '2018-07-06 14:36:39', 0),
	(1805, 115, 110, 1, 1, NULL, '2018-07-06 14:37:44', 0),
	(1806, 116, 110, 1, 0, NULL, '2018-07-06 14:37:44', 0),
	(1807, 115, 114, 0, 2, NULL, '2018-07-06 14:40:10', 40),
	(1808, 116, 114, 1, 1, NULL, '2018-07-06 14:40:10', 0),
	(1809, 115, 108, 2, 0, NULL, '2018-07-06 14:44:52', 0),
	(1810, 116, 108, 2, 1, NULL, '2018-07-06 14:44:52', 0),
	(1811, 115, 117, 1, 2, NULL, '2018-07-06 14:47:26', 0),
	(1812, 116, 117, 2, 1, NULL, '2018-07-06 14:47:26', 0),
	(1813, 115, 116, 1, 0, NULL, '2018-07-06 14:49:44', 0),
	(1814, 116, 116, 0, 1, NULL, '2018-07-06 14:49:44', 0),
	(1815, 115, 67, 0, 1, NULL, '2018-07-06 14:52:41', 0),
	(1816, 116, 67, 2, 0, NULL, '2018-07-06 14:52:41', 0),
	(1817, 115, 90, 1, 1, NULL, '2018-07-06 14:55:33', 0),
	(1818, 116, 90, 1, 1, NULL, '2018-07-06 14:55:33', 0),
	(1819, 115, 163, 0, 1, NULL, '2018-07-06 14:58:04', 0),
	(1820, 116, 163, 0, 1, NULL, '2018-07-06 14:58:04', 0),
	(1821, 116, 200, 2, 1, NULL, '2018-07-06 15:16:27', 0),
	(1822, 116, 35, 2, 1, NULL, '2018-07-06 16:32:30', 0),
	(1823, 116, 201, 0, 0, NULL, '2018-07-06 16:38:54', 0),
	(1824, 117, 46, 1, 2, NULL, '2018-07-06 20:58:43', 0),
	(1825, 118, 46, 2, 1, NULL, '2018-07-06 20:58:43', 0),
	(1826, 117, 43, 1, 1, NULL, '2018-07-06 21:01:31', 0),
	(1827, 118, 43, 2, 1, NULL, '2018-07-06 21:01:31', 0),
	(1828, 117, 96, 1, 1, NULL, '2018-07-06 21:48:07', 0),
	(1829, 118, 96, 1, 1, NULL, '2018-07-06 21:48:07', 40),
	(1830, 117, 88, 1, 2, NULL, '2018-07-06 22:12:02', 0),
	(1831, 118, 88, 0, 2, NULL, '2018-07-07 17:16:27', 0),
	(1832, 117, 77, 0, 2, NULL, '2018-07-06 22:30:26', 40),
	(1833, 118, 77, 0, 2, NULL, '2018-07-06 22:30:26', 0),
	(1834, 117, 87, 0, 1, NULL, '2018-07-07 07:03:54', 0),
	(1835, 118, 87, 1, 2, NULL, '2018-07-07 07:03:55', 0),
	(1836, 117, 82, 1, 1, NULL, '2018-07-07 08:16:49', 0),
	(1837, 118, 82, 1, 2, NULL, '2018-07-07 18:47:20', 0),
	(1838, 117, 76, 0, 0, NULL, '2018-07-07 08:38:13', 0),
	(1839, 118, 76, 2, 1, NULL, '2018-07-07 08:38:13', 0),
	(1840, 117, 174, 1, 2, NULL, '2018-07-07 12:42:52', 0),
	(1841, 118, 174, 1, 1, NULL, '2018-07-07 12:42:52', 40),
	(1842, 117, 34, 2, 1, NULL, '2018-07-07 09:41:40', 0),
	(1843, 118, 34, 0, 2, NULL, '2018-07-07 09:41:40', 0),
	(1844, 117, 127, 2, 1, NULL, '2018-07-07 09:58:22', 0),
	(1845, 118, 127, 1, 0, NULL, '2018-07-07 09:58:22', 0),
	(1846, 117, 118, 0, 0, NULL, '2018-07-07 11:03:25', 0),
	(1847, 118, 118, 0, 0, NULL, '2018-07-07 11:03:25', 0),
	(1848, 117, 69, 0, 2, NULL, '2018-07-07 11:23:06', 40),
	(1849, 118, 69, 1, 2, NULL, '2018-07-07 11:23:06', 0),
	(1850, 117, 112, 1, 1, NULL, '2018-07-07 11:23:08', 0),
	(1851, 118, 112, 0, 1, NULL, '2018-07-07 11:23:08', 0),
	(1852, 117, 71, 0, 1, NULL, '2018-07-07 11:25:43', 0),
	(1853, 118, 71, 0, 2, NULL, '2018-07-07 11:25:43', 0),
	(1854, 117, 64, 0, 1, NULL, '2018-07-07 11:26:16', 0),
	(1855, 118, 64, 0, 2, NULL, '2018-07-07 11:26:16', 0),
	(1856, 117, 75, 1, 1, NULL, '2018-07-07 11:27:15', 0),
	(1857, 118, 75, 1, 1, NULL, '2018-07-07 11:27:16', 40),
	(1858, 117, 104, 0, 1, NULL, '2018-07-07 11:35:35', 0),
	(1859, 118, 104, 0, 1, NULL, '2018-07-07 11:35:35', 0),
	(1860, 117, 151, 2, 1, NULL, '2018-07-07 11:53:10', 0),
	(1861, 118, 151, 3, 2, NULL, '2018-07-07 11:53:10', 0),
	(1862, 117, 105, 1, 2, NULL, '2018-07-07 11:55:41', 0),
	(1863, 118, 105, 1, 1, NULL, '2018-07-07 11:55:41', 40),
	(1864, 117, 204, 1, 2, NULL, '2018-07-07 11:58:54', 0),
	(1865, 118, 204, 0, 2, NULL, '2018-07-07 11:58:54', 0),
	(1866, 117, 114, 1, 1, NULL, '2018-07-07 12:07:07', 0),
	(1867, 118, 114, 0, 2, NULL, '2018-07-07 12:07:07', 0),
	(1868, 117, 106, 1, 1, NULL, '2018-07-07 12:09:33', 0),
	(1869, 118, 106, 1, 1, NULL, '2018-07-07 12:09:33', 40),
	(1870, 117, 103, 1, 0, NULL, '2018-07-07 12:17:02', 0),
	(1871, 118, 103, 1, 2, NULL, '2018-07-07 12:17:02', 0),
	(1872, 117, 68, 1, 2, NULL, '2018-07-07 12:18:29', 0),
	(1873, 118, 68, 0, 1, NULL, '2018-07-07 12:18:29', 0),
	(1874, 117, 115, 0, 1, NULL, '2018-07-07 12:21:42', 0),
	(1875, 118, 115, 0, 1, NULL, '2018-07-07 12:21:42', 0),
	(1876, 117, 95, 1, 2, NULL, '2018-07-07 12:22:35', 0),
	(1877, 118, 95, 1, 1, NULL, '2018-07-07 12:22:35', 40),
	(1878, 117, 108, 0, 2, NULL, '2018-07-07 12:25:48', 40),
	(1879, 118, 108, 0, 1, NULL, '2018-07-07 12:25:48', 0),
	(1880, 117, 90, 1, 1, NULL, '2018-07-07 12:29:11', 0),
	(1881, 118, 90, 1, 2, NULL, '2018-07-07 12:29:11', 0),
	(1882, 117, 116, 0, 1, NULL, '2018-07-07 12:30:55', 0),
	(1883, 118, 116, 1, 2, NULL, '2018-07-07 12:30:55', 0),
	(1884, 117, 175, 1, 2, NULL, '2018-07-07 12:37:02', 0),
	(1885, 118, 175, 0, 2, NULL, '2018-07-07 12:37:02', 0),
	(1886, 117, 113, 0, 1, NULL, '2018-07-07 12:39:02', 0),
	(1887, 118, 113, 0, 2, NULL, '2018-07-07 12:39:02', 0),
	(1888, 117, 92, 1, 1, NULL, '2018-07-07 12:46:09', 0),
	(1889, 118, 92, 1, 2, NULL, '2018-07-07 12:46:09', 0),
	(1890, 117, 195, 0, 2, NULL, '2018-07-07 12:48:08', 40),
	(1891, 118, 195, 0, 2, NULL, '2018-07-07 12:48:08', 0),
	(1892, 117, 102, 1, 0, NULL, '2018-07-07 12:49:35', 0),
	(1893, 118, 102, 0, 1, NULL, '2018-07-07 12:49:35', 0),
	(1894, 117, 63, 1, 1, NULL, '2018-07-07 12:55:02', 0),
	(1895, 118, 63, 0, 2, NULL, '2018-07-07 12:55:02', 0),
	(1896, 117, 98, 1, 1, NULL, '2018-07-07 13:00:05', 0),
	(1897, 118, 98, 1, 2, NULL, '2018-07-07 13:00:05', 0),
	(1898, 117, 198, 0, 2, NULL, '2018-07-07 13:02:29', 40),
	(1899, 118, 198, 0, 1, NULL, '2018-07-07 13:02:29', 0),
	(1900, 117, 119, 0, 1, NULL, '2018-07-07 13:11:05', 0),
	(1901, 118, 119, 1, 1, NULL, '2018-07-07 13:11:05', 40),
	(1902, 117, 194, 0, 2, NULL, '2018-07-07 13:13:47', 40),
	(1903, 118, 194, 1, 2, NULL, '2018-07-07 13:13:47', 0),
	(1904, 117, 91, 0, 0, NULL, '2018-07-07 13:15:50', 0),
	(1905, 118, 91, 0, 2, NULL, '2018-07-07 13:15:50', 0),
	(1906, 117, 165, 0, 1, NULL, '2018-07-07 13:19:42', 0),
	(1907, 118, 165, 0, 1, NULL, '2018-07-07 13:19:42', 0),
	(1908, 117, 192, 0, 1, NULL, '2018-07-07 13:30:03', 0),
	(1909, 118, 192, 0, 2, NULL, '2018-07-07 13:30:03', 0),
	(1910, 117, 60, 1, 0, NULL, '2018-07-07 14:21:28', 0),
	(1911, 118, 60, 1, 2, NULL, '2018-07-07 18:54:44', 0),
	(1912, 117, 166, 0, 2, NULL, '2018-07-07 13:45:08', 40),
	(1913, 118, 166, 0, 1, NULL, '2018-07-07 13:45:08', 0),
	(1914, 117, 99, 0, 2, NULL, '2018-07-07 13:45:57', 40),
	(1915, 118, 99, 1, 1, NULL, '2018-07-07 13:45:57', 40),
	(1916, 117, 62, 1, 0, NULL, '2018-07-07 13:50:51', 0),
	(1917, 118, 62, 0, 2, NULL, '2018-07-07 15:32:17', 0),
	(1918, 117, 70, 1, 1, NULL, '2018-07-07 14:28:36', 0),
	(1919, 118, 70, 0, 1, NULL, '2018-07-07 14:28:36', 0),
	(1920, 117, 110, 1, 2, NULL, '2018-07-07 14:48:48', 0),
	(1921, 118, 110, 0, 2, NULL, '2018-07-07 14:48:48', 0),
	(1922, 117, 172, 1, 1, NULL, '2018-07-07 14:52:43', 0),
	(1923, 118, 172, 1, 0, NULL, '2018-07-07 14:52:43', 0),
	(1924, 119, 62, 2, 3, NULL, '2018-07-10 18:43:29', 0),
	(1925, 119, 98, 1, 2, NULL, '2018-07-10 16:49:33', 0),
	(1926, 119, 206, 0, 0, NULL, '2018-07-07 22:40:20', 0),
	(1927, 119, 82, 2, 2, NULL, '2018-07-10 17:57:13', 0),
	(1928, 120, 206, 0, 1, NULL, '2018-07-10 20:10:25', 0),
	(1929, 120, 82, 1, 1, NULL, '2018-07-10 17:57:13', 40),
	(1930, 119, 198, 2, 1, NULL, '2018-07-08 09:44:21', 0),
	(1931, 120, 198, 1, 2, NULL, '2018-07-11 16:32:32', 0),
	(1932, 119, 189, 3, 2, NULL, '2018-07-10 06:31:05', 0),
	(1933, 120, 189, 1, 2, NULL, '2018-07-11 09:35:05', 0),
	(1934, 119, 151, 2, 1, NULL, '2018-07-08 14:11:59', 0),
	(1935, 120, 151, 1, 2, NULL, '2018-07-08 14:11:59', 0),
	(1936, 119, 204, 2, 2, NULL, '2018-07-09 08:06:15', 0),
	(1937, 120, 204, 1, 3, NULL, '2018-07-11 14:48:25', 0),
	(1938, 119, 127, 1, 0, NULL, '2018-07-09 10:43:59', 40),
	(1939, 120, 127, 1, 2, NULL, '2018-07-11 08:02:45', 0),
	(1940, 119, 88, 1, 1, NULL, '2018-07-10 12:13:05', 0),
	(1941, 120, 88, 1, 2, NULL, '2018-07-11 00:48:08', 0),
	(1942, 119, 77, 2, 2, NULL, '2018-07-09 13:33:05', 0),
	(1943, 120, 77, 1, 2, NULL, '2018-07-09 13:33:05', 0),
	(1944, 120, 98, 2, 1, NULL, '2018-07-11 17:57:17', 0),
	(1945, 119, 87, 1, 2, NULL, '2018-07-09 17:40:59', 0),
	(1946, 120, 87, 2, 1, NULL, '2018-07-09 17:40:59', 0),
	(1947, 119, 43, 2, 0, NULL, '2018-07-09 23:30:40', 0),
	(1948, 120, 43, 1, 1, NULL, '2018-07-09 23:30:40', 40),
	(1949, 119, 208, 2, 1, NULL, '2018-07-10 05:33:55', 0),
	(1950, 120, 208, 2, 1, NULL, '2018-07-11 08:14:55', 0),
	(1951, 119, 174, 1, 2, NULL, '2018-07-10 06:56:35', 0),
	(1952, 120, 174, 2, 3, NULL, '2018-07-11 18:12:36', 0),
	(1953, 119, 47, 1, 3, NULL, '2018-07-10 10:47:54', 0),
	(1954, 120, 47, 2, 1, NULL, '2018-07-10 10:47:54', 0),
	(1955, 119, 76, 2, 0, NULL, '2018-07-10 11:21:44', 0),
	(1956, 120, 76, 2, 0, NULL, '2018-07-10 11:21:44', 0),
	(1957, 119, 60, 1, 0, NULL, '2018-07-10 16:33:16', 40),
	(1958, 120, 60, 0, 1, NULL, '2018-07-10 16:33:16', 0),
	(1959, 119, 78, 0, 2, NULL, '2018-07-10 12:33:58', 0),
	(1960, 120, 78, 1, 3, NULL, '2018-07-10 12:33:58', 0),
	(1961, 119, 100, 1, 2, NULL, '2018-07-10 13:08:33', 0),
	(1962, 120, 100, 1, 2, NULL, '2018-07-10 13:08:33', 0),
	(1963, 119, 178, 1, 2, NULL, '2018-07-10 13:10:26', 0),
	(1964, 120, 178, 2, 1, NULL, '2018-07-10 13:10:26', 0),
	(1965, 119, 70, 2, 1, NULL, '2018-07-10 13:48:35', 0),
	(1966, 120, 70, 1, 2, NULL, '2018-07-11 18:22:33', 0),
	(1967, 120, 62, 1, 1, NULL, '2018-07-11 18:36:05', 40),
	(1968, 119, 96, 2, 1, NULL, '2018-07-10 17:15:31', 0),
	(1969, 120, 96, 1, 1, NULL, '2018-07-10 21:03:02', 40),
	(1970, 119, 64, 1, 2, NULL, '2018-07-10 18:02:25', 0),
	(1971, 120, 64, 2, 0, NULL, '2018-07-10 18:02:25', 0),
	(1972, 119, 106, 1, 2, NULL, '2018-07-10 18:04:11', 0),
	(1973, 120, 106, 1, 1, NULL, '2018-07-10 18:04:11', 40),
	(1974, 119, 104, 1, 0, NULL, '2018-07-10 18:20:10', 40),
	(1975, 120, 104, 1, 0, NULL, '2018-07-11 18:58:19', 0),
	(1976, 119, 75, 1, 1, NULL, '2018-07-10 18:20:34', 0),
	(1977, 120, 75, 1, 1, NULL, '2018-07-11 18:24:30', 40),
	(1978, 119, 69, 1, 1, NULL, '2018-07-10 18:21:48', 0),
	(1979, 120, 69, 1, 2, NULL, '2018-07-11 17:32:30', 0),
	(1980, 119, 71, 1, 2, NULL, '2018-07-10 18:23:29', 0),
	(1981, 120, 71, 1, 1, NULL, '2018-07-11 16:40:04', 40),
	(1982, 119, 114, 1, 2, NULL, '2018-07-10 18:23:57', 0),
	(1983, 120, 114, 1, 2, NULL, '2018-07-10 18:23:57', 0),
	(1984, 119, 35, 2, 1, NULL, '2018-07-10 18:24:09', 0),
	(1985, 120, 35, 2, 3, NULL, '2018-07-10 18:24:09', 0),
	(1986, 119, 105, 1, 2, NULL, '2018-07-10 18:25:42', 0),
	(1987, 120, 105, 1, 1, NULL, '2018-07-10 18:25:42', 40),
	(1988, 119, 115, 0, 1, NULL, '2018-07-10 18:28:42', 0),
	(1989, 120, 115, 2, 1, NULL, '2018-07-10 18:28:42', 0),
	(1990, 119, 175, 1, 1, NULL, '2018-07-10 18:30:23', 0),
	(1991, 120, 175, 1, 1, NULL, '2018-07-10 18:30:23', 40),
	(1992, 119, 116, 1, 1, NULL, '2018-07-10 18:34:57', 0),
	(1993, 120, 116, 0, 1, NULL, '2018-07-10 18:34:57', 0),
	(1994, 119, 68, 0, 2, NULL, '2018-07-10 18:36:42', 0),
	(1995, 120, 68, 1, 1, NULL, '2018-07-10 18:36:42', 40),
	(1996, 119, 110, 1, 1, NULL, '2018-07-10 18:37:49', 0),
	(1997, 120, 110, 1, 1, NULL, '2018-07-11 18:54:29', 40),
	(1998, 119, 103, 1, 1, NULL, '2018-07-10 18:43:51', 0),
	(1999, 120, 103, 0, 1, NULL, '2018-07-10 18:43:51', 0),
	(2000, 119, 67, 0, 1, NULL, '2018-07-10 18:49:37', 0),
	(2001, 120, 67, 0, 1, NULL, '2018-07-10 18:49:37', 0),
	(2002, 119, 166, 2, 1, NULL, '2018-07-10 18:51:02', 0),
	(2003, 120, 166, 1, 0, NULL, '2018-07-10 18:51:02', 0),
	(2004, 119, 112, 0, 2, NULL, '2018-07-10 18:53:08', 0),
	(2005, 120, 112, 1, 1, NULL, '2018-07-10 18:53:08', 40),
	(2006, 119, 108, 1, 0, NULL, '2018-07-10 18:58:05', 40),
	(2007, 120, 108, 1, 0, NULL, '2018-07-10 18:58:05', 0),
	(2008, 119, 90, 0, 1, NULL, '2018-07-10 18:59:10', 0),
	(2009, 120, 90, 2, 1, NULL, '2018-07-10 18:59:10', 0),
	(2010, 119, 46, 1, 2, NULL, '2018-07-10 18:59:29', 0),
	(2011, 120, 46, 2, 1, NULL, '2018-07-11 17:52:45', 0),
	(2012, 119, 99, 1, 1, NULL, '2018-07-10 18:59:29', 0),
	(2013, 120, 99, 0, 0, NULL, '2018-07-10 18:59:29', 0),
	(2014, 120, 212, 0, 2, NULL, '2018-07-11 12:49:05', 0),
	(2015, 120, 157, 0, 1, NULL, '2018-07-11 14:06:11', 0),
	(2016, 120, 128, 1, 2, NULL, '2018-07-11 17:20:25', 0),
	(2017, 121, 151, 2, 1, NULL, '2018-07-11 23:25:26', 0),
	(2018, 122, 151, 2, 0, NULL, '2018-07-11 23:25:26', 0),
	(2019, 121, 127, 2, 0, NULL, '2018-07-12 08:33:17', 40),
	(2020, 122, 127, 1, 0, NULL, '2018-07-12 08:33:17', 0),
	(2021, 121, 183, 1, 0, NULL, '2018-07-12 11:35:27', 0),
	(2022, 122, 183, 0, 1, NULL, '2018-07-12 11:35:27', 0),
	(2023, 121, 60, 2, 1, NULL, '2018-07-14 14:57:13', 0),
	(2024, 122, 60, 0, 0, NULL, '2018-07-14 14:57:13', 0),
	(2025, 121, 96, 1, 0, NULL, '2018-07-12 17:43:06', 0),
	(2026, 122, 96, 0, 1, NULL, '2018-07-14 17:50:06', 0),
	(2027, 121, 198, 3, 0, NULL, '2018-07-12 20:50:46', 0),
	(2028, 122, 198, 2, 0, NULL, '2018-07-12 20:50:46', 0),
	(2029, 121, 95, 2, 2, NULL, '2018-07-13 07:19:24', 0),
	(2030, 122, 95, 3, 1, NULL, '2018-07-13 07:19:24', 0),
	(2031, 121, 87, 1, 0, NULL, '2018-07-13 09:07:08', 0),
	(2032, 122, 87, 0, 1, NULL, '2018-07-13 09:07:08', 0),
	(2033, 121, 43, 1, 0, NULL, '2018-07-13 09:24:00', 0),
	(2034, 122, 43, 1, 1, NULL, '2018-07-13 09:24:00', 0),
	(2035, 121, 76, 2, 1, NULL, '2018-07-13 09:26:23', 0),
	(2036, 122, 76, 1, 0, NULL, '2018-07-15 14:07:43', 0),
	(2037, 121, 77, 2, 1, NULL, '2018-07-13 10:46:21', 0),
	(2038, 122, 77, 1, 0, NULL, '2018-07-13 10:46:21', 0),
	(2039, 121, 86, 1, 0, NULL, '2018-07-13 12:25:16', 0),
	(2040, 122, 86, 2, 1, NULL, '2018-07-15 08:02:25', 0),
	(2041, 121, 214, 1, 2, NULL, '2018-07-13 16:45:18', 0),
	(2042, 122, 214, 3, 1, NULL, '2018-07-13 16:45:18', 0),
	(2043, 121, 215, 1, 2, NULL, '2018-07-13 18:54:35', 0),
	(2044, 122, 215, 2, 1, NULL, '2018-07-13 18:54:35', 0),
	(2045, 121, 81, 0, 2, NULL, '2018-07-13 19:01:40', 0),
	(2046, 122, 81, 2, 1, NULL, '2018-07-13 19:01:40', 0),
	(2047, 121, 189, 1, 1, NULL, '2018-07-13 21:03:36', 0),
	(2048, 122, 189, 2, 1, NULL, '2018-07-13 21:03:36', 0),
	(2049, 121, 98, 2, 0, NULL, '2018-07-13 22:31:49', 40),
	(2050, 122, 98, 0, 1, NULL, '2018-07-13 22:31:49', 0),
	(2051, 121, 88, 2, 1, NULL, '2018-07-14 03:41:58', 0),
	(2052, 122, 88, 2, 0, NULL, '2018-07-15 07:24:31', 0),
	(2053, 121, 216, 0, 1, NULL, '2018-07-14 08:42:35', 0),
	(2054, 122, 216, 1, 0, NULL, '2018-07-14 08:42:35', 0),
	(2055, 121, 217, 1, 2, NULL, '2018-07-14 11:02:32', 0),
	(2056, 122, 217, 1, 0, NULL, '2018-07-14 11:02:32', 0),
	(2057, 121, 218, 2, 1, NULL, '2018-07-14 11:09:28', 0),
	(2058, 122, 218, 2, 1, NULL, '2018-07-14 11:09:28', 0),
	(2059, 121, 219, 2, 1, NULL, '2018-07-14 11:49:04', 0),
	(2060, 122, 219, 1, 2, NULL, '2018-07-14 11:49:04', 0),
	(2061, 121, 47, 2, 1, NULL, '2018-07-14 13:35:43', 0),
	(2062, 122, 47, 0, 1, NULL, '2018-07-14 13:35:43', 0),
	(2063, 121, 62, 2, 0, NULL, '2018-07-14 14:38:07', 40),
	(2064, 122, 62, 1, 0, NULL, '2018-07-15 11:20:13', 0),
	(2065, 121, 64, 1, 0, NULL, '2018-07-14 14:22:22', 0),
	(2066, 122, 64, 0, 1, NULL, '2018-07-14 14:22:22', 0),
	(2067, 121, 67, 1, 1, NULL, '2018-07-14 14:27:57', 0),
	(2068, 122, 67, 1, 1, NULL, '2018-07-14 14:27:57', 0),
	(2069, 121, 115, 1, 1, NULL, '2018-07-14 14:43:40', 0),
	(2070, 122, 115, 0, 2, NULL, '2018-07-14 14:43:40', 0),
	(2071, 121, 112, 3, 1, NULL, '2018-07-14 14:46:04', 0),
	(2072, 122, 112, 1, 0, NULL, '2018-07-15 13:55:44', 0),
	(2073, 121, 82, 2, 2, NULL, '2018-07-14 14:57:05', 0),
	(2074, 122, 82, 1, 1, NULL, '2018-07-14 20:32:36', 0),
	(2075, 121, 105, 2, 1, NULL, '2018-07-14 14:56:47', 0),
	(2076, 122, 105, 1, 1, NULL, '2018-07-14 14:56:47', 0),
	(2077, 121, 104, 2, 0, NULL, '2018-07-14 14:59:56', 40),
	(2078, 122, 104, 0, 2, NULL, '2018-07-14 14:59:56', 0),
	(2079, 122, 110, 1, 1, NULL, '2018-07-15 15:15:59', 0),
	(2080, 122, 172, 0, 1, NULL, '2018-07-14 15:19:21', 0),
	(2081, 122, 220, 1, 0, NULL, '2018-07-14 15:20:10', 0),
	(2082, 122, 46, 1, 1, NULL, '2018-07-14 20:08:27', 0),
	(2083, 122, 221, 2, 1, NULL, '2018-07-14 21:24:37', 0),
	(2084, 122, 69, 1, 0, NULL, '2018-07-15 07:49:22', 0),
	(2085, 122, 99, 2, 1, NULL, '2018-07-15 10:07:09', 0),
	(2086, 122, 190, 2, 1, NULL, '2018-07-15 11:55:00', 0),
	(2087, 122, 70, 1, 1, NULL, '2018-07-15 13:01:19', 0),
	(2088, 122, 174, 1, 1, NULL, '2018-07-15 14:17:15', 0);
/*!40000 ALTER TABLE `pronostics` ENABLE KEYS */;

-- Export de la structure de la table brasserie_prono. rencontres
DROP TABLE IF EXISTS `rencontres`;
CREATE TABLE IF NOT EXISTS `rencontres` (
  `id` int(11) NOT NULL AUTO_INCREMENT,
  `equipe_id1` int(11) NOT NULL,
  `equipe_id2` int(11) NOT NULL,
  `date_heure` datetime NOT NULL,
  `score_eq1` tinyint(2) DEFAULT NULL,
  `score_eq2` tinyint(2) DEFAULT NULL,
  `en_avant` int(1) NOT NULL DEFAULT '0',
  `id_competition` int(11) NOT NULL,
  PRIMARY KEY (`id`),
  KEY `equipe_id1` (`equipe_id1`),
  KEY `equipe_id2` (`equipe_id2`),
  CONSTRAINT `rencontres_ibfk_1` FOREIGN KEY (`equipe_id1`) REFERENCES `equipes` (`id`) ON DELETE CASCADE ON UPDATE CASCADE,
  CONSTRAINT `rencontres_ibfk_3` FOREIGN KEY (`equipe_id2`) REFERENCES `equipes` (`id`) ON DELETE CASCADE ON UPDATE CASCADE
) ENGINE=InnoDB AUTO_INCREMENT=124 DEFAULT CHARSET=latin1;

-- Export de données de la table brasserie_prono.rencontres : ~63 rows (environ)
DELETE FROM `rencontres`;
/*!40000 ALTER TABLE `rencontres` DISABLE KEYS */;
INSERT INTO `rencontres` (`id`, `equipe_id1`, `equipe_id2`, `date_heure`, `score_eq1`, `score_eq2`, `en_avant`, `id_competition`) VALUES
	(61, 21, 6, '2018-06-14 16:00:00', 5, 0, 0, 1),
	(62, 1, 32, '2018-06-15 13:00:00', 0, 1, 0, 1),
	(63, 17, 7, '2018-06-16 11:00:00', 2, 1, 0, 1),
	(64, 28, 18, '2018-06-16 14:00:00', 1, 1, 0, 1),
	(65, 31, 15, '2018-06-16 17:00:00', 0, 1, 0, 1),
	(66, 14, 3, '2018-06-16 20:00:00', 2, 0, 0, 1),
	(67, 25, 22, '2018-06-17 13:00:00', 0, 1, 0, 1),
	(68, 11, 26, '2018-06-17 16:00:00', 0, 1, 0, 1),
	(69, 29, 24, '2018-06-17 19:00:00', 1, 1, 0, 1),
	(70, 23, 9, '2018-06-18 13:00:00', 1, 0, 0, 1),
	(71, 13, 27, '2018-06-18 16:00:00', 3, 0, 0, 1),
	(72, 5, 12, '2018-06-18 19:00:00', 1, 2, 0, 1),
	(73, 30, 8, '2018-06-19 13:00:00', 1, 2, 0, 1),
	(74, 19, 4, '2018-06-19 16:00:00', 1, 2, 0, 1),
	(75, 21, 1, '2018-06-19 19:00:00', 3, 1, 0, 1),
	(76, 20, 2, '2018-06-20 13:00:00', 1, 0, 0, 1),
	(77, 32, 6, '2018-06-20 16:00:00', 1, 0, 0, 1),
	(78, 10, 16, '2018-06-20 19:00:00', 0, 1, 0, 1),
	(79, 15, 7, '2018-06-21 13:00:00', 1, 1, 0, 1),
	(80, 17, 31, '2018-06-21 16:00:00', 1, 0, 0, 1),
	(81, 28, 14, '2018-06-21 19:00:00', 0, 3, 0, 1),
	(82, 29, 25, '2018-06-22 13:00:00', 2, 0, 0, 1),
	(83, 3, 18, '2018-06-22 16:00:00', 2, 0, 0, 1),
	(84, 22, 24, '2018-06-22 19:00:00', 1, 2, 0, 1),
	(85, 13, 5, '2018-06-23 13:00:00', 5, 2, 0, 1),
	(86, 9, 26, '2018-06-23 16:00:00', 1, 2, 0, 1),
	(87, 11, 23, '2018-06-23 19:00:00', 2, 1, 0, 1),
	(88, 12, 27, '2018-06-24 13:00:00', 6, 1, 0, 1),
	(89, 8, 4, '2018-06-24 16:00:00', 2, 2, 0, 1),
	(90, 19, 30, '2018-06-24 19:00:00', 0, 3, 0, 1),
	(91, 6, 1, '2018-06-25 15:00:00', 2, 1, 0, 1),
	(92, 32, 21, '2018-06-25 15:00:00', 3, 0, 0, 1),
	(93, 10, 20, '2018-06-25 19:00:00', 1, 1, 0, 1),
	(94, 16, 2, '2018-06-25 19:00:00', 2, 2, 0, 1),
	(95, 7, 31, '2018-06-26 15:00:00', 0, 2, 0, 1),
	(96, 15, 17, '2018-06-26 15:00:00', 0, 0, 0, 1),
	(97, 3, 28, '2018-06-26 19:00:00', 1, 2, 0, 1),
	(98, 18, 14, '2018-06-26 19:00:00', 1, 2, 0, 1),
	(99, 26, 23, '2018-06-27 15:00:00', 0, 3, 0, 1),
	(100, 9, 11, '2018-06-27 15:00:00', 2, 0, 0, 1),
	(101, 24, 25, '2018-06-27 19:00:00', 2, 2, 0, 1),
	(102, 22, 29, '2018-06-27 19:00:00', 0, 2, 0, 1),
	(103, 4, 30, '2018-06-28 15:00:00', 0, 1, 0, 1),
	(104, 8, 19, '2018-06-28 15:00:00', 0, 1, 0, 1),
	(105, 12, 13, '2018-06-28 19:00:00', 0, 1, 0, 1),
	(106, 27, 5, '2018-06-28 19:00:00', 1, 2, 0, 1),
	(107, 17, 28, '2018-06-30 15:00:00', 4, 3, 0, 1),
	(108, 32, 20, '2018-06-30 19:00:00', 2, 1, 0, 1),
	(109, 16, 21, '2018-07-01 15:00:00', 1, 1, 0, 1),
	(110, 14, 15, '2018-07-01 19:00:00', 1, 1, 0, 1),
	(111, 29, 26, '2018-07-02 15:00:00', 2, 0, 0, 1),
	(112, 13, 8, '2018-07-02 19:00:00', 3, 2, 0, 1),
	(113, 23, 24, '2018-07-03 15:00:00', 1, 0, 0, 1),
	(114, 30, 12, '2018-07-03 19:00:00', 1, 1, 0, 1),
	(115, 32, 17, '2018-07-06 15:00:00', 0, 2, 0, 1),
	(116, 29, 13, '2018-07-06 19:00:00', 1, 2, 0, 1),
	(117, 23, 12, '2018-07-07 15:00:00', 0, 2, 0, 1),
	(118, 21, 14, '2018-07-07 19:00:00', 1, 1, 0, 1),
	(119, 17, 13, '2018-07-10 19:00:00', 1, 0, 0, 1),
	(120, 14, 12, '2018-07-11 19:00:00', 1, 1, 0, 1),
	(121, 13, 12, '2018-07-14 15:00:00', 2, 0, 1, 1),
	(122, 17, 14, '2018-07-15 16:00:00', 4, 2, 1, 1),
	(123, 33, 34, '2018-08-12 21:00:00', NULL, NULL, 1, 2);
/*!40000 ALTER TABLE `rencontres` ENABLE KEYS */;

-- Export de la structure de la table brasserie_prono. users
DROP TABLE IF EXISTS `users`;
CREATE TABLE IF NOT EXISTS `users` (
  `id` int(11) NOT NULL AUTO_INCREMENT,
  `user` varchar(32) NOT NULL,
  `pass` varchar(32) NOT NULL,
  PRIMARY KEY (`id`)
) ENGINE=MyISAM AUTO_INCREMENT=9157 DEFAULT CHARSET=latin1;

-- Export de données de la table brasserie_prono.users : 1 rows
DELETE FROM `users`;
/*!40000 ALTER TABLE `users` DISABLE KEYS */;
INSERT INTO `users` (`id`, `user`, `pass`) VALUES
	(9156, 'admin', '21232f297a57a5a743894a0e4a801fc3');
/*!40000 ALTER TABLE `users` ENABLE KEYS */;

-- Export de la structure de la table brasserie_prono. utilisateurs
DROP TABLE IF EXISTS `utilisateurs`;
CREATE TABLE IF NOT EXISTS `utilisateurs` (
  `id` int(11) NOT NULL AUTO_INCREMENT,
  `id_fb` varchar(20) COLLATE utf8_unicode_ci NOT NULL,
  `nom` varchar(200) COLLATE utf8_unicode_ci DEFAULT NULL,
  `genre` varchar(10) COLLATE utf8_unicode_ci DEFAULT NULL,
  `date_naissance` date DEFAULT NULL,
  `numero` varchar(50) COLLATE utf8_unicode_ci DEFAULT NULL,
  `email` varchar(150) COLLATE utf8_unicode_ci DEFAULT NULL,
  `pts` int(11) NOT NULL DEFAULT '0',
  `mode_prono` int(1) NOT NULL DEFAULT '0',
  `last_login` datetime NOT NULL DEFAULT CURRENT_TIMESTAMP ON UPDATE CURRENT_TIMESTAMP,
  `creration_date` datetime NOT NULL DEFAULT CURRENT_TIMESTAMP,
  PRIMARY KEY (`id`)
) ENGINE=InnoDB AUTO_INCREMENT=225 DEFAULT CHARSET=utf8 COLLATE=utf8_unicode_ci;

-- Export de données de la table brasserie_prono.utilisateurs : ~132 rows (environ)
DELETE FROM `utilisateurs`;
/*!40000 ALTER TABLE `utilisateurs` DISABLE KEYS */;
INSERT INTO `utilisateurs` (`id`, `id_fb`, `nom`, `genre`, `date_naissance`, `numero`, `email`, `pts`, `mode_prono`, `last_login`, `creration_date`) VALUES
	(30, '187217708781152', 'John Mbango', NULL, NULL, '', NULL, 0, 0, '2018-06-13 00:38:39', '2018-06-13 00:38:39'),
	(34, '625514914464476', 'Brice Abega', NULL, NULL, '', NULL, 0, 0, '2018-08-01 17:56:43', '2018-06-14 08:43:05'),
	(35, '1935241703193249', 'Marcelle Mepouli Ngock', NULL, NULL, '', NULL, 0, 0, '2018-07-11 13:16:28', '2018-06-14 11:46:34'),
	(36, '10156400624008427', 'Freixas Johann', NULL, NULL, '', NULL, 0, 0, '2018-06-21 17:13:37', '2018-06-14 11:58:37'),
	(37, '2293994280827420', 'Henry Anguilet', NULL, NULL, '', NULL, 0, 0, '2018-06-14 12:29:46', '2018-06-14 12:29:46'),
	(38, '1981907811843251', 'Glomay Ebane', NULL, NULL, '', NULL, 0, 0, '2018-06-14 12:29:57', '2018-06-14 12:29:57'),
	(43, '1832268740173507', 'Laluna Farnese Summer', NULL, NULL, '', NULL, 0, 0, '2018-07-14 15:10:38', '2018-06-16 04:09:18'),
	(44, '712835689068525', 'Elvira Kengne', NULL, NULL, NULL, 'elviramichelle606@gmail.com', 0, 0, '2018-07-18 23:57:48', '2018-06-16 10:57:59'),
	(45, '1960076797349882', 'Wil Rona', NULL, NULL, NULL, 'ndironald@yahoo.fr', 0, 0, '2018-06-19 02:46:43', '2018-06-16 11:00:20'),
	(46, '10156181534219961', 'Patient Assontia', NULL, NULL, NULL, 'pollux1er@yahoo.fr', 0, 0, '2018-08-10 15:27:32', '2018-06-16 13:34:54'),
	(47, '1794741217260010', 'Laetitia Biteke', NULL, NULL, NULL, 'lbiteke@yahoo.com', 0, 0, '2018-08-06 20:47:54', '2018-06-16 13:40:41'),
	(48, '10209448803296057', 'Yannick AndyDarnell Essame Essame', NULL, NULL, NULL, 'andydarnel@hotmail.com', 0, 0, '2018-06-16 16:58:21', '2018-06-16 15:48:14'),
	(49, '1951328991566976', 'Tay Audrey', NULL, NULL, NULL, 'audreyange9@yahoo.fr', 0, 0, '2018-06-16 16:31:45', '2018-06-16 16:31:45'),
	(50, '404223680058104', 'Stephane Yves', NULL, NULL, NULL, '', 0, 0, '2018-06-16 23:56:52', '2018-06-16 22:46:46'),
	(51, '1691961297553987', 'Elninio Torres', NULL, NULL, NULL, '', 0, 0, '2018-07-02 16:50:36', '2018-06-16 23:00:15'),
	(59, '133520187531128', 'Diana Hyllarie', NULL, NULL, NULL, '', 0, 0, '2018-06-17 14:18:16', '2018-06-17 13:16:09'),
	(60, '1902002736511312', 'Thierry Sion', NULL, NULL, NULL, 'essohthier@yahoo.fr', 0, 0, '2018-07-14 14:57:14', '2018-06-17 14:08:52'),
	(62, '961189604052337', 'Eric Enoe', NULL, NULL, NULL, 'enoeeric@yahoo.fr', 0, 0, '2018-07-15 19:40:45', '2018-06-17 14:14:22'),
	(63, '404366766745562', 'Brinda Awounfack', NULL, NULL, NULL, '', 0, 0, '2018-07-07 12:55:02', '2018-06-17 14:24:42'),
	(64, '1758454207570812', 'Géeck Eli Enone', NULL, NULL, NULL, 'charlieenone@yahoo.ca', 0, 0, '2018-07-16 18:40:20', '2018-06-17 14:30:11'),
	(65, '2015159958528556', 'Henri Ennone', NULL, NULL, NULL, '', 0, 0, '2018-06-17 15:46:48', '2018-06-17 14:45:16'),
	(66, '1718832861527379', 'Jacks Rim', NULL, NULL, NULL, '', 0, 0, '2018-06-26 10:28:04', '2018-06-17 14:50:29'),
	(67, '1878776255754461', 'Robert Tenen', NULL, NULL, NULL, '', 0, 0, '2018-07-14 14:27:57', '2018-06-17 14:56:29'),
	(68, '238327813609687', 'Nyobe Okocha Alphonse', NULL, NULL, NULL, '', 0, 0, '2018-07-11 18:22:02', '2018-06-17 14:58:40'),
	(69, '995214187320599', 'Fabrice Angelo', NULL, NULL, NULL, '', 0, 0, '2018-07-15 19:30:39', '2018-06-17 15:00:14'),
	(70, '253612365388056', 'Mika Bela Mika', NULL, NULL, NULL, '', 0, 0, '2018-07-15 13:01:33', '2018-06-17 15:03:03'),
	(71, '237905573650753', 'Priscak Justine', NULL, NULL, NULL, '', 0, 0, '2018-07-11 16:40:09', '2018-06-17 15:05:18'),
	(75, '1963742270603862', 'Ranita Bri', NULL, NULL, NULL, '', 0, 0, '2018-07-11 18:24:30', '2018-06-17 15:15:08'),
	(76, '429318050812055', 'Mbassi Jean Durandal', NULL, NULL, NULL, '', 0, 0, '2018-07-17 06:29:48', '2018-06-17 15:53:59'),
	(77, '1020686371445294', 'Bienvenue Haman', NULL, NULL, NULL, '', 0, 0, '2018-07-15 22:23:47', '2018-06-17 16:00:14'),
	(78, '1687013704679617', 'Pavell Kembeu', NULL, NULL, NULL, 'kembeupavell@yahoo.fr', 0, 0, '2018-07-10 12:35:43', '2018-06-17 17:17:19'),
	(79, '1105599469597444', 'Camille Wete', NULL, NULL, NULL, 'camillewete@yahoo.fr', 0, 0, '2018-06-22 15:00:34', '2018-06-17 17:23:53'),
	(80, '1926449210708708', 'Ivan Cabrel Djiti', NULL, NULL, NULL, '', 0, 0, '2018-06-19 22:30:12', '2018-06-17 17:27:38'),
	(81, '2222370664650924', 'Estha Belong', NULL, NULL, NULL, '', 0, 0, '2018-07-15 11:18:12', '2018-06-17 18:24:04'),
	(82, '814712162253664', 'Marios Nyapa', NULL, NULL, NULL, '', 0, 0, '2018-07-21 12:27:17', '2018-06-17 21:16:14'),
	(83, '2128583334043268', 'Valéry Pabou', NULL, NULL, NULL, 'valery_pabou@yahoo.fr', 0, 0, '2018-06-18 13:37:11', '2018-06-17 21:41:27'),
	(84, '1873227806032925', 'Aristide Manyaka', NULL, NULL, NULL, 'a.manyaka@yahoo.fr', 0, 0, '2018-06-19 12:03:16', '2018-06-17 23:59:50'),
	(85, '2154429251460743', 'Daryl Yvon', NULL, NULL, NULL, '', 0, 0, '2018-06-30 17:57:06', '2018-06-18 00:12:38'),
	(86, '1595944390518577', 'Celestin Noah', NULL, NULL, NULL, '', 0, 0, '2018-07-15 08:03:08', '2018-06-18 04:07:14'),
	(87, '2045489918828829', 'Aime Bitjel', NULL, NULL, NULL, '', 0, 0, '2018-07-16 11:44:28', '2018-06-18 07:12:27'),
	(88, '2068812033379495', 'Kebo Honmoga Lorsala Christophe', NULL, NULL, NULL, '', 0, 0, '2018-07-16 20:56:32', '2018-06-18 07:50:11'),
	(89, '1764181543628238', 'Christian Norvége Fondja', NULL, NULL, NULL, 'pedropeguy@yahoo.fr', 0, 0, '2018-06-18 10:03:53', '2018-06-18 08:59:07'),
	(90, '2112567325699193', 'Paola Enone', NULL, NULL, NULL, '', 0, 0, '2018-07-10 18:59:10', '2018-06-18 10:28:14'),
	(91, '252856928795760', 'Charlie Edwin', NULL, NULL, NULL, '', 0, 0, '2018-07-07 13:16:49', '2018-06-18 10:48:47'),
	(92, '398436974000187', 'Armand Collince', NULL, NULL, NULL, 'armandcollince@gmail.com', 0, 0, '2018-07-07 12:46:09', '2018-06-18 10:53:42'),
	(95, '2548281742064087', 'Andely Roger', NULL, NULL, NULL, '', 0, 0, '2018-07-15 11:01:51', '2018-06-18 11:03:20'),
	(96, '600766676946360', 'Arousby Dzogang', NULL, NULL, NULL, '', 0, 0, '2018-07-15 15:17:38', '2018-06-18 11:05:47'),
	(97, '1780889071976419', 'Audrey Ngock', NULL, NULL, NULL, 'lorie.audrey06@gmail.com', 0, 0, '2018-07-09 13:43:12', '2018-06-18 11:25:42'),
	(98, '1674405172643719', 'Sévérine Signié', NULL, NULL, NULL, 'signieseverine@yahoo.fr', 0, 0, '2018-07-16 09:04:50', '2018-06-18 12:11:47'),
	(99, '1715212321942294', 'Ismael Le Philemonosaure Biang', NULL, NULL, NULL, '', 0, 0, '2018-07-18 21:17:21', '2018-06-18 12:16:37'),
	(100, '1964074073660135', 'Ariel Bekala', NULL, NULL, NULL, 'arielbekala@yahoo.fr', 0, 0, '2018-07-10 13:08:38', '2018-06-18 17:25:16'),
	(101, '2014016745339196', 'Xavier Ebe', NULL, NULL, NULL, '', 0, 0, '2018-06-18 18:42:09', '2018-06-18 17:39:19'),
	(102, '1911243732507882', 'Belinga Leonel', NULL, NULL, NULL, '', 0, 0, '2018-07-07 12:49:36', '2018-06-18 17:49:03'),
	(103, '263061427770061', 'Marrel Ebadje', NULL, NULL, NULL, '', 0, 0, '2018-07-10 18:43:51', '2018-06-18 17:51:37'),
	(104, '263301607745844', 'Jackson Eyamo', NULL, NULL, NULL, '', 0, 0, '2018-07-14 14:59:58', '2018-06-18 17:54:22'),
	(105, '386280218545772', 'Styles Kilwar', NULL, NULL, NULL, '', 0, 0, '2018-07-14 14:56:48', '2018-06-18 17:56:35'),
	(106, '1842851042678428', 'Laura Ekeme', NULL, NULL, NULL, '', 0, 0, '2018-07-10 18:04:11', '2018-06-18 17:58:21'),
	(108, '258400014908579', 'Gerard Bachelor Efixe', NULL, NULL, NULL, '', 0, 0, '2018-07-10 18:58:06', '2018-06-18 21:21:08'),
	(110, '2049813751939577', 'Alain Guits', NULL, NULL, NULL, '', 0, 0, '2018-07-16 13:51:03', '2018-06-19 08:23:52'),
	(111, '1956854197658008', 'Axelle Michaëlla Bebga', NULL, NULL, NULL, 'axellebebga@yahoo.fr', 0, 0, '2018-07-13 12:26:14', '2018-06-19 09:09:02'),
	(112, '898748416977410', 'Giresse Petit', NULL, NULL, NULL, '', 0, 0, '2018-07-17 20:41:32', '2018-06-19 09:24:37'),
	(113, '162171734640812', 'Jude Mpenda', NULL, NULL, NULL, '', 0, 0, '2018-07-07 12:39:02', '2018-06-19 11:32:34'),
	(114, '417656268739887', 'Christof Evoudou', NULL, NULL, NULL, '', 0, 0, '2018-07-10 18:23:57', '2018-06-19 11:37:48'),
	(115, '250017075745229', 'Grame Willy', NULL, NULL, NULL, '', 0, 0, '2018-07-15 14:50:08', '2018-06-19 12:26:34'),
	(116, '390317694809965', 'Ndem Lucie', NULL, NULL, NULL, '', 0, 0, '2018-07-10 18:34:58', '2018-06-19 13:36:49'),
	(117, '169564737233334', 'Erica Marceline', NULL, NULL, NULL, '', 0, 0, '2018-07-07 22:00:39', '2018-06-19 13:59:17'),
	(118, '231196024334256', 'Devis Djeu', NULL, NULL, NULL, '', 0, 0, '2018-07-07 11:03:28', '2018-06-19 14:04:09'),
	(119, '225882961533366', 'Simene Rose', NULL, NULL, NULL, '', 0, 0, '2018-07-07 13:11:05', '2018-06-19 14:13:09'),
	(120, '10216302554097680', 'Elizabeth Namour', NULL, NULL, NULL, '', 0, 0, '2018-06-19 17:22:48', '2018-06-19 16:22:45'),
	(121, '1860988390869589', 'Keidy Evina', NULL, NULL, NULL, '', 0, 0, '2018-06-30 20:56:57', '2018-06-19 17:20:04'),
	(122, '10211767203030789', 'Patrick Akono', NULL, NULL, NULL, '', 0, 0, '2018-06-25 18:41:28', '2018-06-19 21:10:02'),
	(126, '808466905990444', 'Søh Ręgįs Lamar', NULL, NULL, NULL, '', 0, 0, '2018-06-20 07:59:58', '2018-06-20 06:58:41'),
	(127, '658750527805624', 'Lionel Ledoux', NULL, NULL, NULL, '', 0, 0, '2018-07-17 08:29:32', '2018-06-20 14:32:56'),
	(128, '412425069227161', 'Pascal Dehanè', NULL, NULL, NULL, '', 0, 0, '2018-07-11 17:20:26', '2018-06-20 16:05:39'),
	(129, '2150620248298854', 'Patrick Legrand', NULL, NULL, NULL, 'eboloambassapatrick@hotmail.fr', 0, 0, '2018-06-21 00:04:06', '2018-06-20 22:30:53'),
	(144, '10211239656779308', 'Balla Manga Serge Dominique', NULL, NULL, NULL, '', 0, 0, '2018-06-21 10:51:11', '2018-06-21 09:49:36'),
	(145, '10217423056547201', 'Albin Tchopba', NULL, NULL, NULL, 'atchopba@yahoo.fr', 0, 0, '2018-06-21 22:00:34', '2018-06-21 20:59:03'),
	(146, '2072161246189965', 'Romuald Saf', NULL, NULL, NULL, '', 0, 0, '2018-07-06 14:32:10', '2018-06-21 21:26:44'),
	(148, '1941860745861592', 'Rose Mireille Djuedji', NULL, NULL, NULL, 'mireill_rose@yahoo.fr', 0, 0, '2018-06-22 09:35:00', '2018-06-22 09:35:00'),
	(149, '10157550881409867', 'Yves Doualla Siliki', NULL, NULL, NULL, 'yvessiliki@yahoo.fr', 0, 0, '2018-06-23 01:37:25', '2018-06-22 09:56:48'),
	(150, '1051063871713144', 'Eliakim Salina', NULL, NULL, NULL, '', 0, 0, '2018-06-22 13:06:59', '2018-06-22 12:05:04'),
	(151, '10213676898049772', 'Carole Poter', NULL, NULL, NULL, '', 0, 0, '2018-07-17 23:47:11', '2018-06-22 12:21:39'),
	(153, '1878231862237412', 'Arnø Rae Ǝkomo', NULL, NULL, NULL, 'pva90673@pisls.com', 0, 0, '2018-06-22 14:03:24', '2018-06-22 12:32:52'),
	(154, '239133790149865', 'Eddy Laprophetie', NULL, NULL, NULL, '', 0, 0, '2018-06-25 18:44:55', '2018-06-22 14:36:54'),
	(156, '977497149089332', 'Ahmat Mahamat Ahmat', NULL, NULL, NULL, '', 0, 0, '2018-06-22 16:06:12', '2018-06-22 15:03:56'),
	(157, '10212592336943120', 'Dorean Lyombe', NULL, NULL, NULL, 'aliyabeyonce@yahoo.fr', 0, 0, '2018-07-11 14:06:21', '2018-06-22 17:05:12'),
	(158, '1878627409097083', 'Ocmr Cm', NULL, NULL, NULL, 'ocm237.cm@gmail.com', 0, 0, '2018-06-22 18:21:13', '2018-06-22 17:19:59'),
	(162, '10211859600432332', 'Yannick Nkabong', NULL, NULL, NULL, 'nkabongyannick@yahoo.fr', 0, 0, '2018-06-23 15:00:27', '2018-06-23 08:55:34'),
	(163, '155225242011937', 'Yemu Agbo', NULL, NULL, NULL, '', 0, 0, '2018-07-06 14:58:04', '2018-06-23 13:33:19'),
	(164, '1949619585062802', 'Aubin Kamdem', NULL, NULL, NULL, 'rinellove@yahoo.fr', 0, 0, '2018-06-23 19:34:24', '2018-06-23 18:31:48'),
	(165, '262563321156269', 'Blondelle Lagoo', NULL, NULL, NULL, 'blondellelago@gmail.com', 0, 0, '2018-07-07 13:22:01', '2018-06-24 09:06:38'),
	(166, '150671705802309', 'Mbama Leila', NULL, NULL, NULL, 'mbamaleila56@gmail.com', 0, 0, '2018-07-10 18:51:02', '2018-06-24 09:11:02'),
	(169, '129780587918885', 'Gibraltar Dracus', NULL, NULL, NULL, 'mamikix@yandex.ru', 0, 0, '2018-06-24 15:25:50', '2018-06-24 14:18:34'),
	(170, '10216802185784647', 'Nazaire Nyinkeu', NULL, NULL, NULL, '', 0, 0, '2018-06-24 23:06:21', '2018-06-24 14:37:53'),
	(171, '2203152789725566', 'Aimé Consty Eboulle', NULL, NULL, NULL, '', 0, 0, '2018-06-25 16:59:17', '2018-06-25 15:55:31'),
	(172, '1238475962955573', 'Patrick Nana', NULL, NULL, NULL, '', 0, 0, '2018-07-14 15:19:29', '2018-06-25 19:18:07'),
	(173, '196868060966401', 'Alex Kengue Tepeua', NULL, NULL, NULL, '', 0, 0, '2018-06-26 08:52:57', '2018-06-26 07:48:48'),
	(174, '1873739826024201', 'Guy\'so PF', NULL, NULL, NULL, 'pfgotm2005@yahoo.fr', 0, 0, '2018-07-20 09:16:40', '2018-06-26 23:14:55'),
	(175, '234310080689324', 'Severe Douh', NULL, NULL, NULL, '', 0, 0, '2018-07-10 18:30:23', '2018-06-27 06:43:53'),
	(176, '240378100072994', 'Hervé De Vouzaf', NULL, NULL, NULL, '', 0, 0, '2018-06-27 11:48:52', '2018-06-27 10:44:33'),
	(178, '1839987832726134', 'Éric Marc Njikam', NULL, NULL, NULL, 'njikameric@yahoo.fr', 0, 0, '2018-07-10 13:11:59', '2018-06-27 16:57:53'),
	(183, '397600804053718', 'Aristide Djonka', NULL, NULL, NULL, '', 0, 0, '2018-07-15 16:26:06', '2018-06-27 21:11:34'),
	(184, '1458382110934222', 'Adrian Cassadi', NULL, NULL, NULL, '', 0, 0, '2018-07-02 14:54:16', '2018-06-28 06:12:21'),
	(188, '1785351594821326', 'Guy Nomsi', NULL, NULL, NULL, '', 0, 0, '2018-06-30 14:22:54', '2018-06-30 11:43:26'),
	(189, '2113454558924036', 'Rene Gires', NULL, NULL, NULL, '', 0, 0, '2018-07-16 17:57:43', '2018-06-30 12:28:18'),
	(190, '840578592797670', 'Sylvain Djakaye', NULL, NULL, NULL, '', 0, 0, '2018-07-15 11:57:27', '2018-07-01 08:48:15'),
	(191, '1864762460493756', 'Anne Nathan Bissai', NULL, NULL, NULL, 'ann.nathane01@gmail.com', 0, 0, '2018-07-01 18:20:56', '2018-07-01 16:20:11'),
	(192, '1915943975370414', 'Emmanuel Chekap', NULL, NULL, NULL, '', 0, 0, '2018-07-07 13:30:04', '2018-07-02 08:01:52'),
	(194, '237448423710684', 'Simone Désiré', NULL, NULL, NULL, 'enonemanga9@gmail.com', 0, 0, '2018-07-07 13:13:47', '2018-07-02 16:11:19'),
	(195, '239649370159332', 'Felicia Dilise', NULL, NULL, NULL, 'enonemanga7@gmail.com', 0, 0, '2018-07-07 12:48:08', '2018-07-03 07:38:29'),
	(196, '10212663037114262', 'Noutchaya Tsemo Herve', NULL, NULL, NULL, 'nouther@yahoo.com', 0, 0, '2018-07-03 16:13:15', '2018-07-03 14:51:00'),
	(198, '635624900146423', 'Guy Alain Tcheumi', NULL, NULL, NULL, '', 0, 0, '2018-07-16 09:15:21', '2018-07-05 15:30:49'),
	(200, '2007812035937319', 'MJ Bunker', NULL, NULL, NULL, 'jeanmichel.junior@yahoo.fr', 0, 0, '2018-07-06 15:19:00', '2018-07-06 14:14:08'),
	(201, '1782562715145748', 'Nganno Aubin', NULL, NULL, NULL, 'ngannoa@yahoo.fr', 0, 0, '2018-07-06 16:40:52', '2018-07-06 15:38:05'),
	(202, '1852168988173989', 'Marouen Briki', NULL, NULL, NULL, 'samsoumtiti@gmail.com', 0, 0, '2018-07-06 19:04:54', '2018-07-06 19:04:54'),
	(204, '2057896257808793', 'Koby le Sahelien', NULL, NULL, NULL, 'koby_stephane@yahoo.fr', 0, 0, '2018-07-11 14:48:25', '2018-07-07 10:58:07'),
	(206, '943865139119588', 'Yvon Ekembe', NULL, NULL, NULL, 'mibukyos@gmail.com', 0, 0, '2018-07-10 20:10:52', '2018-07-07 20:59:11'),
	(208, '1983260561692253', 'Stephane Freshbreezy', NULL, NULL, NULL, 'jnteppe@yahoo.fr', 0, 0, '2018-07-11 08:16:53', '2018-07-10 04:31:35'),
	(210, '662554884081390', 'Ï Äm Këvîn Fëúmî', NULL, NULL, NULL, '', 0, 0, '2018-07-11 08:51:50', '2018-07-11 07:51:34'),
	(212, '2005998099434909', 'Olivier Napster', NULL, NULL, NULL, 'kolifranck23@yahoo.fr', 0, 0, '2018-07-11 12:49:13', '2018-07-11 11:47:44'),
	(213, '2003076863056550', 'Christian Lamexico', NULL, NULL, NULL, 'christiandjacheu@yahoo.fr', 0, 0, '2018-07-11 17:05:02', '2018-07-11 17:05:02'),
	(214, '1829564577127520', 'Jules Dayan Ibom', NULL, NULL, NULL, 'dayanibom@gmail.com', 0, 0, '2018-07-13 16:45:30', '2018-07-13 15:44:20'),
	(215, '2120801771501119', 'Dieudonne Tsanga', NULL, NULL, NULL, '', 0, 0, '2018-07-13 18:54:42', '2018-07-13 17:53:07'),
	(216, '580549419006885', 'Tobestil Otsomotsi', NULL, NULL, NULL, '', 0, 0, '2018-07-14 08:42:55', '2018-07-14 07:40:30'),
	(217, '1747715705264135', 'Sylvain Sim\'s', NULL, NULL, NULL, 'simosylvain@yahoo.fr', 0, 0, '2018-07-14 11:02:33', '2018-07-14 09:57:34'),
	(218, '809441669444162', 'Urban Spirit', NULL, NULL, NULL, 'theurbanspirit.tenori@gmail.com', 0, 0, '2018-07-14 11:09:28', '2018-07-14 10:05:53'),
	(219, '10211375868383652', 'Hippolyte Lehono', NULL, NULL, NULL, 'hippokwa@yahoo.fr', 0, 0, '2018-07-15 11:34:10', '2018-07-14 10:48:14'),
	(220, '1855546954466062', 'Steeve Deloyte', NULL, NULL, NULL, 'stevorlin2002@gmail.com', 0, 0, '2018-07-16 11:02:19', '2018-07-14 14:19:12'),
	(221, '1608998015889666', 'Ctro Chendjou', NULL, NULL, NULL, 'chendjouctro@yahoo.fr', 0, 0, '2018-07-15 16:33:16', '2018-07-14 20:22:43'),
	(222, '635624900146423', 'Guy Alain Tcheumi', NULL, NULL, NULL, '', 0, 0, '2018-07-15 17:09:46', '2018-07-15 17:09:46'),
	(223, '712835689068525', 'Elvira Kengne', NULL, NULL, NULL, 'elviramichelle606@gmail.com', 0, 0, '2018-07-18 10:01:37', '2018-07-18 10:01:37'),
	(224, '712835689068525', 'Elvira Kengne', NULL, NULL, NULL, '', 0, 0, '2018-07-18 10:02:23', '2018-07-18 10:02:23');
/*!40000 ALTER TABLE `utilisateurs` ENABLE KEYS */;

/*!40101 SET SQL_MODE=IFNULL(@OLD_SQL_MODE, '') */;
/*!40014 SET FOREIGN_KEY_CHECKS=IF(@OLD_FOREIGN_KEY_CHECKS IS NULL, 1, @OLD_FOREIGN_KEY_CHECKS) */;
/*!40101 SET CHARACTER_SET_CLIENT=@OLD_CHARACTER_SET_CLIENT */;
